#
# There is insufficient memory for the Java Runtime Environment to continue.
# Native memory allocation (malloc) failed to allocate 1565448 bytes. Error detail: Chunk::new
# Possible reasons:
#   The system is out of physical RAM or swap space
#   This process is running with CompressedOops enabled, and the Java Heap may be blocking the growth of the native heap
# Possible solutions:
#   Reduce memory load on the system
#   Increase physical memory or swap space
#   Check if swap backing store is full
#   Decrease Java heap size (-Xmx/-Xms)
#   Decrease number of Java threads
#   Decrease Java thread stack sizes (-Xss)
#   Set larger code cache with -XX:ReservedCodeCacheSize=
#   JVM is running with Unscaled Compressed Oops mode in which the Java heap is
#     placed in the first 4GB address space. The Java Heap base address is the
#     maximum limit for the native heap growth. Please use -XX:HeapBaseMinAddress
#     to set the Java Heap base and to place the Java Heap above 4GB virtual address.
# This output file may be truncated or incomplete.
#
#  Out of Memory Error (arena.cpp:186), pid=17824, tid=30208
#
# JRE version: OpenJDK Runtime Environment (25.0.3) (build 25.0.3+-15898627-b508.16)
# Java VM: OpenJDK 64-Bit Server VM (25.0.3+-15898627-b508.16, mixed mode, tiered, compressed oops, compressed class ptrs, g1 gc, windows-amd64)
# No core dump will be written. Minidumps are not enabled by default on client versions of Windows
#

---------------  S U M M A R Y ------------

Command Line: --add-opens=java.base/java.lang=ALL-UNNAMED --add-opens=java.base/java.lang.invoke=ALL-UNNAMED --add-opens=java.base/java.util=ALL-UNNAMED --add-opens=java.prefs/java.util.prefs=ALL-UNNAMED --add-exports=jdk.compiler/com.sun.tools.javac.api=ALL-UNNAMED --add-exports=jdk.compiler/com.sun.tools.javac.util=ALL-UNNAMED --add-opens=java.base/java.nio.charset=ALL-UNNAMED --add-opens=java.base/java.net=ALL-UNNAMED --add-opens=java.base/java.util.concurrent=ALL-UNNAMED --add-opens=java.base/java.util.concurrent.atomic=ALL-UNNAMED --add-opens=java.xml/javax.xml.namespace=ALL-UNNAMED --add-opens=java.base/java.time=ALL-UNNAMED --enable-native-access=ALL-UNNAMED -Xmx2048m -Dfile.encoding=UTF-8 -Duser.country=ZA -Duser.language=en -Duser.variant -javaagent:C:\Users\sendh\.gradle\wrapper\dists\gradle-9.6.0-bin\42k10rwplmzkhuboz9kdazi7s\gradle-9.6.0\lib\agents\gradle-instrumentation-agent-9.6.0.jar org.gradle.launcher.daemon.bootstrap.GradleDaemon 9.6.0

Host: AMD Ryzen 5 7520U with Radeon Graphics         , 8 cores, 5G,  Windows 11 , 64 bit Build 26100 (10.0.26100.9444)
Time: Wed Sep 16 20:24:30 2026 South Africa Standard Time elapsed time: 80.306226 seconds (0d 0h 1m 20s)

---------------  T H R E A D  ---------------

Current thread (0x0000018fe651a560):  JavaThread "C2 CompilerThread0" daemon [_thread_in_native, id=30208, stack(0x0000007e78b00000,0x0000007e78c00000) (1024K)]


Current CompileTask:
C2:80307 15058   !   4       java.net.URLClassLoader::findClass (77 bytes)

Stack: [0x0000007e78b00000,0x0000007e78c00000]
Native frames: (J=compiled Java code, j=interpreted, Vv=VM code, C=native code)
V  [jvm.dll+0x7bf039]  (no source info available)
V  [jvm.dll+0x78912d]  (no source info available)
V  [jvm.dll+0xa0e615]  (no source info available)
V  [jvm.dll+0xa10c94]  (no source info available)
V  [jvm.dll+0xa11393]  (no source info available)
V  [jvm.dll+0x30a116]  (no source info available)
V  [jvm.dll+0x10eda9]  (no source info available)
V  [jvm.dll+0x10f0d2]  (no source info available)
V  [jvm.dll+0x45e4ef]  (no source info available)
V  [jvm.dll+0x42c8db]  (no source info available)
V  [jvm.dll+0x42bd0a]  (no source info available)
V  [jvm.dll+0x2ce2c2]  (no source info available)
V  [jvm.dll+0x2cd641]  (no source info available)
V  [jvm.dll+0x24334a]  (no source info available)
V  [jvm.dll+0x2dd025]  (no source info available)
V  [jvm.dll+0x2db226]  (no source info available)
V  [jvm.dll+0x49c12e]  (no source info available)
V  [jvm.dll+0x9ad738]  (no source info available)
V  [jvm.dll+0x7bd585]  (no source info available)
C  [ucrtbase.dll+0x2cd30]  (no source info available)
C  [KERNEL32.DLL+0x2cd87]  (no source info available)
C  [ntdll.dll+0xacaec]  (no source info available)

Lock stack of current Java thread (top to bottom):


---------------  P R O C E S S  ---------------

Threads class SMR info:
_java_thread_list=0x0000018ff05d6430, length=64, elements={
0x0000018fce8e3370, 0x0000018fe64d92b0, 0x0000018fe65113f0, 0x0000018fe64e58d0,
0x0000018fe64ef5d0, 0x0000018fe64f0190, 0x0000018fe64f0d50, 0x0000018fe64f82d0,
0x0000018fe651a560, 0x0000018fe6524dc0, 0x0000018fe69acec0, 0x0000018fed1c5660,
0x0000018feb121aa0, 0x0000018feb352b10, 0x0000018feb057960, 0x0000018feb3806e0,
0x0000018feb216760, 0x0000018feb213880, 0x0000018feb217ed0, 0x0000018feb216f30,
0x0000018feb2186a0, 0x0000018fed508300, 0x0000018fed5063c0, 0x0000018fed504c50,
0x0000018fed506b90, 0x0000018fee968fd0, 0x0000018fee969f70, 0x0000018fee96af10,
0x0000018fee96b6e0, 0x0000018fee96ce50, 0x0000018fee96ed90, 0x0000018fee96e5c0,
0x0000018fe650bf00, 0x0000018fe650a790, 0x0000018fe65097f0, 0x0000018fedcf7f60,
0x0000018fedcf48b0, 0x0000018fedcf6020, 0x0000018fedcf5850, 0x0000018fedcf96d0,
0x0000018fedcfa670, 0x0000018fedcfbde0, 0x0000018feebf0b30, 0x0000018feebf3240,
0x0000018feebf22a0, 0x0000018fed92a180, 0x0000018fed928a10, 0x0000018fed92b120,
0x0000018fed928240, 0x0000018fed92d830, 0x0000018fed92e7d0, 0x0000018ff0cb8fe0,
0x0000018ff0cbc690, 0x0000018feecf6ed0, 0x0000018feecf7e70, 0x0000018feecfc4c0,
0x0000018feecfb520, 0x0000018feecfcc90, 0x0000018ff00650c0, 0x0000018ff00677d0,
0x0000018ff0068f40, 0x0000018ff0069ee0, 0x0000018ff0068770, 0x0000018ff006ae80
}

Java Threads: ( => current thread )
  0x0000018fce8e3370 JavaThread "main"                              [_thread_blocked, id=24432, stack(0x0000007e77c00000,0x0000007e77d00000) (1024K)]
  0x0000018fe64d92b0 JavaThread "Common-Cleaner"             daemon [_thread_blocked, id=6020, stack(0x0000007e78400000,0x0000007e78500000) (1024K)]
  0x0000018fe65113f0 JavaThread "Reference Handler"          daemon [_thread_blocked, id=5644, stack(0x0000007e78500000,0x0000007e78600000) (1024K)]
  0x0000018fe64e58d0 JavaThread "Finalizer"                  daemon [_thread_blocked, id=31440, stack(0x0000007e78600000,0x0000007e78700000) (1024K)]
  0x0000018fe64ef5d0 JavaThread "Signal Dispatcher"          daemon [_thread_blocked, id=2952, stack(0x0000007e78700000,0x0000007e78800000) (1024K)]
  0x0000018fe64f0190 JavaThread "Attach Listener"            daemon [_thread_blocked, id=17252, stack(0x0000007e78800000,0x0000007e78900000) (1024K)]
  0x0000018fe64f0d50 JavaThread "Service Thread"             daemon [_thread_blocked, id=30668, stack(0x0000007e78900000,0x0000007e78a00000) (1024K)]
  0x0000018fe64f82d0 JavaThread "Monitor Deflation Thread"   daemon [_thread_blocked, id=14620, stack(0x0000007e78a00000,0x0000007e78b00000) (1024K)]
=>0x0000018fe651a560 JavaThread "C2 CompilerThread0"         daemon [_thread_in_native, id=30208, stack(0x0000007e78b00000,0x0000007e78c00000) (1024K)]
  0x0000018fe6524dc0 JavaThread "C1 CompilerThread0"         daemon [_thread_blocked, id=31148, stack(0x0000007e78c00000,0x0000007e78d00000) (1024K)]
  0x0000018fe69acec0 JavaThread "Notification Thread"        daemon [_thread_blocked, id=29604, stack(0x0000007e78d00000,0x0000007e78e00000) (1024K)]
  0x0000018fed1c5660 JavaThread "Daemon health stats"               [_thread_blocked, id=28072, stack(0x0000007e79300000,0x0000007e79400000) (1024K)]
  0x0000018feb121aa0 JavaThread "Incoming local TCP Connector on port 64207"        [_thread_in_native, id=3212, stack(0x0000007e79400000,0x0000007e79500000) (1024K)]
  0x0000018feb352b10 JavaThread "Daemon periodic checks"            [_thread_blocked, id=10340, stack(0x0000007e79500000,0x0000007e79600000) (1024K)]
  0x0000018feb057960 JavaThread "Daemon"                            [_thread_blocked, id=24132, stack(0x0000007e79600000,0x0000007e79700000) (1024K)]
  0x0000018feb3806e0 JavaThread "Handler for socket connection from /127.0.0.1:64207 to /127.0.0.1:64208"        [_thread_in_native, id=26412, stack(0x0000007e79700000,0x0000007e79800000) (1024K)]
  0x0000018feb216760 JavaThread "Cancel handler"                    [_thread_blocked, id=29832, stack(0x0000007e79b00000,0x0000007e79c00000) (1024K)]
  0x0000018feb213880 JavaThread "Daemon worker"                     [_thread_blocked, id=26448, stack(0x0000007e79c00000,0x0000007e79d00000) (1024K)]
  0x0000018feb217ed0 JavaThread "Asynchronous log dispatcher for DefaultDaemonConnection: socket connection from /127.0.0.1:64207 to /127.0.0.1:64208"        [_thread_blocked, id=31468, stack(0x0000007e79d00000,0x0000007e79e00000) (1024K)]
  0x0000018feb216f30 JavaThread "Stdin handler"                     [_thread_blocked, id=27968, stack(0x0000007e79e00000,0x0000007e79f00000) (1024K)]
  0x0000018feb2186a0 JavaThread "Daemon client event forwarder"        [_thread_blocked, id=21508, stack(0x0000007e79f00000,0x0000007e7a000000) (1024K)]
  0x0000018fed508300 JavaThread "Cache worker for journal cache (C:\Users\sendh\.gradle\caches\journal-1)"        [_thread_blocked, id=1844, stack(0x0000007e7a000000,0x0000007e7a100000) (1024K)]
  0x0000018fed5063c0 JavaThread "File lock request listener"        [_thread_in_native, id=22736, stack(0x0000007e7a100000,0x0000007e7a200000) (1024K)]
  0x0000018fed504c50 JavaThread "Cache worker for file hash cache (C:\Users\sendh\.gradle\caches\9.6.0\fileHashes)"        [_thread_blocked, id=30132, stack(0x0000007e7a200000,0x0000007e7a300000) (1024K)]
  0x0000018fed506b90 JavaThread "Cache worker for file hash cache (C:\Users\sendh\AndroidStudioProjects\SmartPantryManager2\.gradle\9.6.0\fileHashes)"        [_thread_blocked, id=14452, stack(0x0000007e7a300000,0x0000007e7a400000) (1024K)]
  0x0000018fee968fd0 JavaThread "Cache worker for checksums cache (C:\Users\sendh\AndroidStudioProjects\SmartPantryManager2\.gradle\9.6.0\checksums)"        [_thread_blocked, id=29224, stack(0x0000007e7a400000,0x0000007e7a500000) (1024K)]
  0x0000018fee969f70 JavaThread "Cache worker for Build Output Cleanup Cache (C:\Users\sendh\AndroidStudioProjects\SmartPantryManager2\.gradle\buildOutputCleanup)"        [_thread_blocked, id=9876, stack(0x0000007e7a500000,0x0000007e7a600000) (1024K)]
  0x0000018fee96af10 JavaThread "Cache worker for file content cache (C:\Users\sendh\.gradle\caches\9.6.0\fileContent)"        [_thread_blocked, id=10308, stack(0x0000007e7a600000,0x0000007e7a700000) (1024K)]
  0x0000018fee96b6e0 JavaThread "File watcher server"        daemon [_thread_in_native, id=25748, stack(0x0000007e7a700000,0x0000007e7a800000) (1024K)]
  0x0000018fee96ce50 JavaThread "File watcher consumer"      daemon [_thread_blocked, id=29296, stack(0x0000007e7a800000,0x0000007e7a900000) (1024K)]
  0x0000018fee96ed90 JavaThread "Cache worker for cache directory md-supplier (C:\Users\sendh\.gradle\caches\9.6.0\md-supplier)"        [_thread_blocked, id=26524, stack(0x0000007e7a900000,0x0000007e7aa00000) (1024K)]
  0x0000018fee96e5c0 JavaThread "Cache worker for cache directory md-rule (C:\Users\sendh\.gradle\caches\9.6.0\md-rule)"        [_thread_blocked, id=14752, stack(0x0000007e7aa00000,0x0000007e7ab00000) (1024K)]
  0x0000018fe650bf00 JavaThread "jar transforms"                    [_thread_blocked, id=3864, stack(0x0000007e7ab00000,0x0000007e7ac00000) (1024K)]
  0x0000018fe650a790 JavaThread "jar transforms Thread 2"           [_thread_blocked, id=19076, stack(0x0000007e7ac00000,0x0000007e7ad00000) (1024K)]
  0x0000018fe65097f0 JavaThread "jar transforms Thread 3"           [_thread_blocked, id=18912, stack(0x0000007e7ad00000,0x0000007e7ae00000) (1024K)]
  0x0000018fedcf7f60 JavaThread "Build operations"                  [_thread_blocked, id=14240, stack(0x0000007e7ae00000,0x0000007e7af00000) (1024K)]
  0x0000018fedcf48b0 JavaThread "Build operations Thread 2"         [_thread_blocked, id=21664, stack(0x0000007e7af00000,0x0000007e7b000000) (1024K)]
  0x0000018fedcf6020 JavaThread "Build operations Thread 3"         [_thread_blocked, id=11384, stack(0x0000007e7b000000,0x0000007e7b100000) (1024K)]
  0x0000018fedcf5850 JavaThread "Build operations Thread 4"         [_thread_blocked, id=23536, stack(0x0000007e7b100000,0x0000007e7b200000) (1024K)]
  0x0000018fedcf96d0 JavaThread "Build operations Thread 5"         [_thread_blocked, id=17940, stack(0x0000007e7b200000,0x0000007e7b300000) (1024K)]
  0x0000018fedcfa670 JavaThread "Build operations Thread 6"         [_thread_blocked, id=20952, stack(0x0000007e7b300000,0x0000007e7b400000) (1024K)]
  0x0000018fedcfbde0 JavaThread "Build operations Thread 7"         [_thread_blocked, id=31612, stack(0x0000007e7b400000,0x0000007e7b500000) (1024K)]
  0x0000018feebf0b30 JavaThread "Build operations Thread 8"         [_thread_blocked, id=20636, stack(0x0000007e7b500000,0x0000007e7b600000) (1024K)]
  0x0000018feebf3240 JavaThread "jar transforms Thread 4"           [_thread_blocked, id=28264, stack(0x0000007e7b600000,0x0000007e7b700000) (1024K)]
  0x0000018feebf22a0 JavaThread "jar transforms Thread 5"           [_thread_blocked, id=10064, stack(0x0000007e7b700000,0x0000007e7b800000) (1024K)]
  0x0000018fed92a180 JavaThread "jar transforms Thread 6"           [_thread_blocked, id=29404, stack(0x0000007e7b800000,0x0000007e7b900000) (1024K)]
  0x0000018fed928a10 JavaThread "jar transforms Thread 7"           [_thread_blocked, id=24376, stack(0x0000007e7b900000,0x0000007e7ba00000) (1024K)]
  0x0000018fed92b120 JavaThread "jar transforms Thread 8"           [_thread_blocked, id=12820, stack(0x0000007e7ba00000,0x0000007e7bb00000) (1024K)]
  0x0000018fed928240 JavaThread "Configuration cache report writer"        [_thread_blocked, id=21812, stack(0x0000007e7bb00000,0x0000007e7bc00000) (1024K)]
  0x0000018fed92d830 JavaThread "build event listener"              [_thread_blocked, id=23016, stack(0x0000007e7bc00000,0x0000007e7bd00000) (1024K)]
  0x0000018fed92e7d0 JavaThread "Memory manager"                    [_thread_blocked, id=10188, stack(0x0000007e7bd00000,0x0000007e7be00000) (1024K)]
  0x0000018ff0cb8fe0 JavaThread "build event listener"              [_thread_blocked, id=28164, stack(0x0000007e7be00000,0x0000007e7bf00000) (1024K)]
  0x0000018ff0cbc690 JavaThread "pool-3-thread-1"                   [_thread_blocked, id=29392, stack(0x0000007e77900000,0x0000007e77a00000) (1024K)]
  0x0000018feecf6ed0 JavaThread "build event listener"              [_thread_blocked, id=30468, stack(0x0000007e77a00000,0x0000007e77b00000) (1024K)]
  0x0000018feecf7e70 JavaThread "included builds"                   [_thread_in_native, id=30888, stack(0x0000007e77b00000,0x0000007e77c00000) (1024K)]
  0x0000018feecfc4c0 JavaThread "Execution worker"                  [_thread_in_native, id=3924, stack(0x0000007e7bf00000,0x0000007e7c000000) (1024K)]
  0x0000018feecfb520 JavaThread "Execution worker Thread 2"         [_thread_in_native, id=26768, stack(0x0000007e7c000000,0x0000007e7c100000) (1024K)]
  0x0000018feecfcc90 JavaThread "Execution worker Thread 3"         [_thread_in_native, id=26416, stack(0x0000007e7c100000,0x0000007e7c200000) (1024K)]
  0x0000018ff00650c0 JavaThread "Execution worker Thread 4"         [_thread_in_native, id=24832, stack(0x0000007e7c200000,0x0000007e7c300000) (1024K)]
  0x0000018ff00677d0 JavaThread "Execution worker Thread 5"         [_thread_in_native, id=22508, stack(0x0000007e7c300000,0x0000007e7c400000) (1024K)]
  0x0000018ff0068f40 JavaThread "Execution worker Thread 6"         [_thread_in_native, id=12572, stack(0x0000007e7c400000,0x0000007e7c500000) (1024K)]
  0x0000018ff0069ee0 JavaThread "Execution worker Thread 7"         [_thread_in_native, id=19984, stack(0x0000007e7c500000,0x0000007e7c600000) (1024K)]
  0x0000018ff0068770 JavaThread "Cache worker for execution history cache (C:\Users\sendh\AndroidStudioProjects\SmartPantryManager2\.gradle\9.6.0\executionHistory)"        [_thread_blocked, id=10708, stack(0x0000007e7c600000,0x0000007e7c700000) (1024K)]
  0x0000018ff006ae80 JavaThread "WorkerExecutor Queue"              [_thread_blocked, id=24056, stack(0x0000007e7c700000,0x0000007e7c800000) (1024K)]
Total: 64

Other Threads:
  0x0000018fe648f890 VMThread "VM Thread"                           [id=28480, stack(0x0000007e78300000,0x0000007e78400000) (1024K)]
  0x0000018fe6471410 WatcherThread "VM Periodic Task Thread"        [id=22556, stack(0x0000007e78200000,0x0000007e78300000) (1024K)]
  0x0000018fce9409d0 WorkerThread "GC Thread#0"                     [id=30164, stack(0x0000007e77d00000,0x0000007e77e00000) (1024K)]
  0x0000018fec01b9d0 WorkerThread "GC Thread#1"                     [id=31020, stack(0x0000007e78e00000,0x0000007e78f00000) (1024K)]
  0x0000018fec0acc00 WorkerThread "GC Thread#2"                     [id=16268, stack(0x0000007e78f00000,0x0000007e79000000) (1024K)]
  0x0000018fec0af040 WorkerThread "GC Thread#3"                     [id=23328, stack(0x0000007e79000000,0x0000007e79100000) (1024K)]
  0x0000018fec0af470 WorkerThread "GC Thread#4"                     [id=14796, stack(0x0000007e79100000,0x0000007e79200000) (1024K)]
  0x0000018fec0af8f0 WorkerThread "GC Thread#5"                     [id=6036, stack(0x0000007e79200000,0x0000007e79300000) (1024K)]
  0x0000018fec0b1b70 WorkerThread "GC Thread#6"                     [id=31056, stack(0x0000007e79800000,0x0000007e79900000) (1024K)]
  0x0000018fec0b05e0 WorkerThread "GC Thread#7"                     [id=5448, stack(0x0000007e79900000,0x0000007e79a00000) (1024K)]
  0x0000018fcc6ddfe0 ConcurrentGCThread "G1 Main Marker"            [id=14596, stack(0x0000007e77e00000,0x0000007e77f00000) (1024K)]
  0x0000018fce957210 WorkerThread "G1 Conc#0"                       [id=29308, stack(0x0000007e77f00000,0x0000007e78000000) (1024K)]
  0x0000018fec0b2860 WorkerThread "G1 Conc#1"                       [id=23652, stack(0x0000007e79a00000,0x0000007e79b00000) (1024K)]
  0x0000018fe63454b0 ConcurrentGCThread "G1 Refine#0"               [id=28380, stack(0x0000007e78000000,0x0000007e78100000) (1024K)]
  0x0000018fe6346ed0 ConcurrentGCThread "G1 Service"                [id=25688, stack(0x0000007e78100000,0x0000007e78200000) (1024K)]
Total: 15

Threads with active compile tasks:
C2 CompilerThread0  80590 15058   !   4       java.net.URLClassLoader::findClass (77 bytes)
C1 CompilerThread0  80590 15182       2       com.sun.org.apache.xerces.internal.dom.NodeImpl::needsSyncData (15 bytes)
Total: 2

VM state: not at safepoint (normal execution)

VM Mutex/Monitor currently owned by a thread: None

Heap address: 0x0000000080000000, size: 2048 MB, Compressed Oops mode: 32-bit

CDS archive(s) not mapped
Compressed class space mapped at: 0x0000000025000000-0x0000000065000000, reserved size: 1073741824
UseCompressedClassPointers 1, UseCompactObjectHeaders 0
Narrow klass pointer bits 32, Max shift 3
Narrow klass base: 0x0000000000000000, Narrow klass shift: 0
Encoding Range: [0x0000000000000000 - 0x0000000100000000), (4294967296 bytes)
Klass Range:    [0x0000000025000000 - 0x0000000065000000), (1073741824 bytes)
Klass ID Range:  [620756992 - 1694498809) (1073741817)
No protection zone.

GC Precious Log:
 CardTable entry size: 512
 Card Set container configuration: InlinePtr #cards 5 size 8 Array Of Cards #cards 10 size 36 Howl #buckets 4 coarsen threshold 1843 Howl Bitmap #cards 512 size 80 coarsen threshold 460 Card regions per heap region 1 cards per card region 2048
 CPUs: 8 total, 8 available
 Memory: 5877M
 Large Page Support: Disabled
 NUMA Support: Disabled
 Compressed Oops: Enabled (32-bit)
 Heap Region Size: 1M
 Heap Min Capacity: 8M
 Heap Initial Capacity: 92M
 Heap Max Capacity: 2G
 Pre-touch: Disabled
 Parallel Workers: 8
 Concurrent Workers: 2
 Concurrent Refinement Workers: 8
 Periodic GC: Disabled

Heap:
 garbage-first heap   total reserved 2097152K, committed 211968K, used 169797K [0x0000000080000000, 0x0000000100000000)
  region size 1024K, 49 young (50176K), 5 survivors (5120K)

Heap Regions: E=young(eden), S=young(survivor), O=old, HS=humongous(starts), HC=humongous(continues), CS=collection set, F=free, TAMS=top-at-mark-start, PB=parsable bottom
|   0|0x0000000080000000, 0x0000000080100000, 0x0000000080100000|100%|HS|  |TAMS 0x0000000080000000| PB 0x0000000080000000| Complete |  0
|   1|0x0000000080100000, 0x0000000080200000, 0x0000000080200000|100%|HC|  |TAMS 0x0000000080100000| PB 0x0000000080100000| Complete |  0
|   2|0x0000000080200000, 0x0000000080300000, 0x0000000080300000|100%|HC|  |TAMS 0x0000000080200000| PB 0x0000000080200000| Complete |  0
|   3|0x0000000080300000, 0x0000000080400000, 0x0000000080400000|100%|HC|  |TAMS 0x0000000080300000| PB 0x0000000080300000| Complete |  0
|   4|0x0000000080400000, 0x0000000080500000, 0x0000000080500000|100%| O|  |TAMS 0x0000000080400000| PB 0x0000000080400000| Untracked |  0
|   5|0x0000000080500000, 0x0000000080600000, 0x0000000080600000|100%| O|  |TAMS 0x0000000080500000| PB 0x0000000080500000| Untracked |  0
|   6|0x0000000080600000, 0x0000000080700000, 0x0000000080700000|100%|HS|  |TAMS 0x0000000080600000| PB 0x0000000080600000| Complete |  0
|   7|0x0000000080700000, 0x0000000080800000, 0x0000000080800000|100%| O|  |TAMS 0x0000000080700000| PB 0x0000000080700000| Untracked |  0
|   8|0x0000000080800000, 0x0000000080900000, 0x0000000080900000|100%| O|  |TAMS 0x0000000080800000| PB 0x0000000080800000| Untracked |  0
|   9|0x0000000080900000, 0x0000000080a00000, 0x0000000080a00000|100%| O|  |TAMS 0x0000000080900000| PB 0x0000000080900000| Untracked |  0
|  10|0x0000000080a00000, 0x0000000080b00000, 0x0000000080b00000|100%| O|  |TAMS 0x0000000080a00000| PB 0x0000000080a00000| Untracked |  0
|  11|0x0000000080b00000, 0x0000000080c00000, 0x0000000080c00000|100%| O|  |TAMS 0x0000000080b00000| PB 0x0000000080b00000| Untracked |  0
|  12|0x0000000080c00000, 0x0000000080d00000, 0x0000000080d00000|100%| O|  |TAMS 0x0000000080c00000| PB 0x0000000080c00000| Untracked |  0
|  13|0x0000000080d00000, 0x0000000080e00000, 0x0000000080e00000|100%| O|  |TAMS 0x0000000080d00000| PB 0x0000000080d00000| Untracked |  0
|  14|0x0000000080e00000, 0x0000000080f00000, 0x0000000080f00000|100%| O|  |TAMS 0x0000000080e00000| PB 0x0000000080e00000| Untracked |  0
|  15|0x0000000080f00000, 0x0000000081000000, 0x0000000081000000|100%| O|  |TAMS 0x0000000080f00000| PB 0x0000000080f00000| Untracked |  0
|  16|0x0000000081000000, 0x0000000081100000, 0x0000000081100000|100%| O|  |TAMS 0x0000000081000000| PB 0x0000000081000000| Untracked |  0
|  17|0x0000000081100000, 0x0000000081200000, 0x0000000081200000|100%| O|  |TAMS 0x0000000081100000| PB 0x0000000081100000| Untracked |  0
|  18|0x0000000081200000, 0x0000000081300000, 0x0000000081300000|100%| O|  |TAMS 0x0000000081200000| PB 0x0000000081200000| Untracked |  0
|  19|0x0000000081300000, 0x0000000081400000, 0x0000000081400000|100%| O|  |TAMS 0x0000000081300000| PB 0x0000000081300000| Untracked |  0
|  20|0x0000000081400000, 0x0000000081500000, 0x0000000081500000|100%| O|  |TAMS 0x0000000081400000| PB 0x0000000081400000| Untracked |  0
|  21|0x0000000081500000, 0x0000000081600000, 0x0000000081600000|100%| O|  |TAMS 0x0000000081500000| PB 0x0000000081500000| Untracked |  0
|  22|0x0000000081600000, 0x0000000081700000, 0x0000000081700000|100%| O|  |TAMS 0x0000000081600000| PB 0x0000000081600000| Untracked |  0
|  23|0x0000000081700000, 0x0000000081800000, 0x0000000081800000|100%| O|  |TAMS 0x0000000081700000| PB 0x0000000081700000| Untracked |  0
|  24|0x0000000081800000, 0x0000000081900000, 0x0000000081900000|100%| O|  |TAMS 0x0000000081800000| PB 0x0000000081800000| Untracked |  0
|  25|0x0000000081900000, 0x0000000081a00000, 0x0000000081a00000|100%| O|  |TAMS 0x0000000081900000| PB 0x0000000081900000| Untracked |  0
|  26|0x0000000081a00000, 0x0000000081b00000, 0x0000000081b00000|100%| O|  |TAMS 0x0000000081a00000| PB 0x0000000081a00000| Untracked |  0
|  27|0x0000000081b00000, 0x0000000081c00000, 0x0000000081c00000|100%| O|  |TAMS 0x0000000081b00000| PB 0x0000000081b00000| Untracked |  0
|  28|0x0000000081c00000, 0x0000000081d00000, 0x0000000081d00000|100%| O|  |TAMS 0x0000000081c00000| PB 0x0000000081c00000| Untracked |  0
|  29|0x0000000081d00000, 0x0000000081e00000, 0x0000000081e00000|100%| O|  |TAMS 0x0000000081d00000| PB 0x0000000081d00000| Untracked |  0
|  30|0x0000000081e00000, 0x0000000081f00000, 0x0000000081f00000|100%| O|  |TAMS 0x0000000081e00000| PB 0x0000000081e00000| Untracked |  0
|  31|0x0000000081f00000, 0x0000000082000000, 0x0000000082000000|100%| O|  |TAMS 0x0000000081f00000| PB 0x0000000081f00000| Untracked |  0
|  32|0x0000000082000000, 0x0000000082100000, 0x0000000082100000|100%| O|  |TAMS 0x0000000082000000| PB 0x0000000082000000| Untracked |  0
|  33|0x0000000082100000, 0x0000000082200000, 0x0000000082200000|100%| O|  |TAMS 0x0000000082100000| PB 0x0000000082100000| Untracked |  0
|  34|0x0000000082200000, 0x0000000082300000, 0x0000000082300000|100%| O|  |TAMS 0x0000000082200000| PB 0x0000000082200000| Untracked |  0
|  35|0x0000000082300000, 0x0000000082400000, 0x0000000082400000|100%| O|  |TAMS 0x0000000082300000| PB 0x0000000082300000| Untracked |  0
|  36|0x0000000082400000, 0x0000000082500000, 0x0000000082500000|100%| O|  |TAMS 0x0000000082400000| PB 0x0000000082400000| Untracked |  0
|  37|0x0000000082500000, 0x0000000082600000, 0x0000000082600000|100%| O|  |TAMS 0x0000000082500000| PB 0x0000000082500000| Untracked |  0
|  38|0x0000000082600000, 0x0000000082700000, 0x0000000082700000|100%| O|  |TAMS 0x0000000082600000| PB 0x0000000082600000| Untracked |  0
|  39|0x0000000082700000, 0x0000000082800000, 0x0000000082800000|100%| O|  |TAMS 0x0000000082700000| PB 0x0000000082700000| Untracked |  0
|  40|0x0000000082800000, 0x0000000082900000, 0x0000000082900000|100%| O|  |TAMS 0x0000000082800000| PB 0x0000000082800000| Untracked |  0
|  41|0x0000000082900000, 0x0000000082a00000, 0x0000000082a00000|100%| O|  |TAMS 0x0000000082900000| PB 0x0000000082900000| Untracked |  0
|  42|0x0000000082a00000, 0x0000000082b00000, 0x0000000082b00000|100%| O|  |TAMS 0x0000000082a00000| PB 0x0000000082a00000| Untracked |  0
|  43|0x0000000082b00000, 0x0000000082c00000, 0x0000000082c00000|100%| O|  |TAMS 0x0000000082b00000| PB 0x0000000082b00000| Untracked |  0
|  44|0x0000000082c00000, 0x0000000082d00000, 0x0000000082d00000|100%| O|  |TAMS 0x0000000082c00000| PB 0x0000000082c00000| Untracked |  0
|  45|0x0000000082d00000, 0x0000000082e00000, 0x0000000082e00000|100%|HS|  |TAMS 0x0000000082d00000| PB 0x0000000082d00000| Complete |  0
|  46|0x0000000082e00000, 0x0000000082f00000, 0x0000000082f00000|100%| O|  |TAMS 0x0000000082e00000| PB 0x0000000082e00000| Untracked |  0
|  47|0x0000000082f00000, 0x0000000083000000, 0x0000000083000000|100%| O|  |TAMS 0x0000000082f00000| PB 0x0000000082f00000| Untracked |  0
|  48|0x0000000083000000, 0x0000000083100000, 0x0000000083100000|100%| O|  |TAMS 0x0000000083000000| PB 0x0000000083000000| Untracked |  0
|  49|0x0000000083100000, 0x0000000083200000, 0x0000000083200000|100%|HS|  |TAMS 0x0000000083100000| PB 0x0000000083100000| Complete |  0
|  50|0x0000000083200000, 0x0000000083300000, 0x0000000083300000|100%|HS|  |TAMS 0x0000000083200000| PB 0x0000000083200000| Complete |  0
|  51|0x0000000083300000, 0x0000000083400000, 0x0000000083400000|100%|HC|  |TAMS 0x0000000083300000| PB 0x0000000083300000| Complete |  0
|  52|0x0000000083400000, 0x0000000083500000, 0x0000000083500000|100%|HS|  |TAMS 0x0000000083400000| PB 0x0000000083400000| Complete |  0
|  53|0x0000000083500000, 0x0000000083600000, 0x0000000083600000|100%|HS|  |TAMS 0x0000000083500000| PB 0x0000000083500000| Complete |  0
|  54|0x0000000083600000, 0x0000000083700000, 0x0000000083700000|100%|HS|  |TAMS 0x0000000083600000| PB 0x0000000083600000| Complete |  0
|  55|0x0000000083700000, 0x0000000083800000, 0x0000000083800000|100%| O|  |TAMS 0x0000000083700000| PB 0x0000000083700000| Untracked |  0
|  56|0x0000000083800000, 0x0000000083900000, 0x0000000083900000|100%| O|  |TAMS 0x0000000083800000| PB 0x0000000083800000| Untracked |  0
|  57|0x0000000083900000, 0x0000000083a00000, 0x0000000083a00000|100%| O|  |TAMS 0x0000000083900000| PB 0x0000000083900000| Untracked |  0
|  58|0x0000000083a00000, 0x0000000083b00000, 0x0000000083b00000|100%|HS|  |TAMS 0x0000000083a00000| PB 0x0000000083a00000| Complete |  0
|  59|0x0000000083b00000, 0x0000000083c00000, 0x0000000083c00000|100%|HS|  |TAMS 0x0000000083b00000| PB 0x0000000083b00000| Complete |  0
|  60|0x0000000083c00000, 0x0000000083d00000, 0x0000000083d00000|100%|HS|  |TAMS 0x0000000083c00000| PB 0x0000000083c00000| Complete |  0
|  61|0x0000000083d00000, 0x0000000083e00000, 0x0000000083e00000|100%| O|  |TAMS 0x0000000083d00000| PB 0x0000000083d00000| Untracked |  0
|  62|0x0000000083e00000, 0x0000000083f00000, 0x0000000083f00000|100%| O|  |TAMS 0x0000000083e00000| PB 0x0000000083e00000| Untracked |  0
|  63|0x0000000083f00000, 0x0000000084000000, 0x0000000084000000|100%|HS|  |TAMS 0x0000000083f00000| PB 0x0000000083f00000| Complete |  0
|  64|0x0000000084000000, 0x0000000084100000, 0x0000000084100000|100%|HC|  |TAMS 0x0000000084000000| PB 0x0000000084000000| Complete |  0
|  65|0x0000000084100000, 0x0000000084200000, 0x0000000084200000|100%| O|  |TAMS 0x0000000084100000| PB 0x0000000084100000| Untracked |  0
|  66|0x0000000084200000, 0x0000000084300000, 0x0000000084300000|100%| O|  |TAMS 0x0000000084200000| PB 0x0000000084200000| Untracked |  0
|  67|0x0000000084300000, 0x0000000084400000, 0x0000000084400000|100%| O|  |TAMS 0x0000000084300000| PB 0x0000000084300000| Untracked |  0
|  68|0x0000000084400000, 0x0000000084500000, 0x0000000084500000|100%| O|  |TAMS 0x0000000084400000| PB 0x0000000084400000| Untracked |  0
|  69|0x0000000084500000, 0x0000000084600000, 0x0000000084600000|100%| O|  |TAMS 0x0000000084500000| PB 0x0000000084500000| Untracked |  0
|  70|0x0000000084600000, 0x0000000084700000, 0x0000000084700000|100%|HS|  |TAMS 0x0000000084600000| PB 0x0000000084600000| Complete |  0
|  71|0x0000000084700000, 0x0000000084800000, 0x0000000084800000|100%| O|  |TAMS 0x0000000084700000| PB 0x0000000084700000| Untracked |  0
|  72|0x0000000084800000, 0x0000000084900000, 0x0000000084900000|100%| O|  |TAMS 0x0000000084800000| PB 0x0000000084800000| Untracked |  0
|  73|0x0000000084900000, 0x0000000084a00000, 0x0000000084a00000|100%| O|  |TAMS 0x0000000084900000| PB 0x0000000084900000| Untracked |  0
|  74|0x0000000084a00000, 0x0000000084b00000, 0x0000000084b00000|100%| O|  |TAMS 0x0000000084a00000| PB 0x0000000084a00000| Untracked |  0
|  75|0x0000000084b00000, 0x0000000084c00000, 0x0000000084c00000|100%| O|  |TAMS 0x0000000084b00000| PB 0x0000000084b00000| Untracked |  0
|  76|0x0000000084c00000, 0x0000000084d00000, 0x0000000084d00000|100%| O|  |TAMS 0x0000000084c00000| PB 0x0000000084c00000| Untracked |  0
|  77|0x0000000084d00000, 0x0000000084e00000, 0x0000000084e00000|100%| O|  |TAMS 0x0000000084d00000| PB 0x0000000084d00000| Untracked |  0
|  78|0x0000000084e00000, 0x0000000084f00000, 0x0000000084f00000|100%| O|  |TAMS 0x0000000084e00000| PB 0x0000000084e00000| Untracked |  0
|  79|0x0000000084f00000, 0x0000000085000000, 0x0000000085000000|100%| O|  |TAMS 0x0000000084f00000| PB 0x0000000084f00000| Untracked |  0
|  80|0x0000000085000000, 0x0000000085100000, 0x0000000085100000|100%| O|  |TAMS 0x0000000085000000| PB 0x0000000085000000| Untracked |  0
|  81|0x0000000085100000, 0x0000000085200000, 0x0000000085200000|100%| O|  |TAMS 0x0000000085100000| PB 0x0000000085100000| Untracked |  0
|  82|0x0000000085200000, 0x0000000085300000, 0x0000000085300000|100%| O|  |TAMS 0x0000000085200000| PB 0x0000000085200000| Untracked |  0
|  83|0x0000000085300000, 0x0000000085400000, 0x0000000085400000|100%| O|  |TAMS 0x0000000085300000| PB 0x0000000085300000| Untracked |  0
|  84|0x0000000085400000, 0x0000000085500000, 0x0000000085500000|100%| O|  |TAMS 0x0000000085400000| PB 0x0000000085400000| Untracked |  0
|  85|0x0000000085500000, 0x0000000085600000, 0x0000000085600000|100%| O|  |TAMS 0x0000000085500000| PB 0x0000000085500000| Untracked |  0
|  86|0x0000000085600000, 0x0000000085700000, 0x0000000085700000|100%| O|  |TAMS 0x0000000085600000| PB 0x0000000085600000| Untracked |  0
|  87|0x0000000085700000, 0x0000000085800000, 0x0000000085800000|100%| O|  |TAMS 0x0000000085700000| PB 0x0000000085700000| Untracked |  0
|  88|0x0000000085800000, 0x0000000085900000, 0x0000000085900000|100%| O|  |TAMS 0x0000000085800000| PB 0x0000000085800000| Untracked |  0
|  89|0x0000000085900000, 0x0000000085a00000, 0x0000000085a00000|100%| O|  |TAMS 0x0000000085900000| PB 0x0000000085900000| Untracked |  0
|  90|0x0000000085a00000, 0x0000000085b00000, 0x0000000085b00000|100%| O|  |TAMS 0x0000000085a00000| PB 0x0000000085a00000| Untracked |  0
|  91|0x0000000085b00000, 0x0000000085c00000, 0x0000000085c00000|100%| O|  |TAMS 0x0000000085b00000| PB 0x0000000085b00000| Untracked |  0
|  92|0x0000000085c00000, 0x0000000085d00000, 0x0000000085d00000|100%| O|  |TAMS 0x0000000085c00000| PB 0x0000000085c00000| Untracked |  0
|  93|0x0000000085d00000, 0x0000000085e00000, 0x0000000085e00000|100%| O|  |TAMS 0x0000000085d00000| PB 0x0000000085d00000| Untracked |  0
|  94|0x0000000085e00000, 0x0000000085f00000, 0x0000000085f00000|100%| O|  |TAMS 0x0000000085e00000| PB 0x0000000085e00000| Untracked |  0
|  95|0x0000000085f00000, 0x0000000086000000, 0x0000000086000000|100%| O|Cm|TAMS 0x0000000085f00000| PB 0x0000000085f00000| Complete |  0
|  96|0x0000000086000000, 0x0000000086100000, 0x0000000086100000|100%| O|Cm|TAMS 0x0000000086000000| PB 0x0000000086000000| Complete |  0
|  97|0x0000000086100000, 0x0000000086200000, 0x0000000086200000|100%| O|  |TAMS 0x0000000086100000| PB 0x0000000086100000| Untracked |  0
|  98|0x0000000086200000, 0x0000000086300000, 0x0000000086300000|100%| O|  |TAMS 0x0000000086200000| PB 0x0000000086200000| Untracked |  0
|  99|0x0000000086300000, 0x0000000086400000, 0x0000000086400000|100%| O|  |TAMS 0x0000000086300000| PB 0x0000000086300000| Untracked |  0
| 100|0x0000000086400000, 0x0000000086500000, 0x0000000086500000|100%|HS|  |TAMS 0x0000000086400000| PB 0x0000000086400000| Complete |  0
| 101|0x0000000086500000, 0x0000000086600000, 0x0000000086600000|100%|HC|  |TAMS 0x0000000086500000| PB 0x0000000086500000| Complete |  0
| 102|0x0000000086600000, 0x0000000086700000, 0x0000000086700000|100%| O|  |TAMS 0x0000000086600000| PB 0x0000000086600000| Untracked |  0
| 103|0x0000000086700000, 0x0000000086800000, 0x0000000086800000|100%| O|  |TAMS 0x0000000086700000| PB 0x0000000086700000| Untracked |  0
| 104|0x0000000086800000, 0x0000000086900000, 0x0000000086900000|100%| O|  |TAMS 0x0000000086800000| PB 0x0000000086800000| Untracked |  0
| 105|0x0000000086900000, 0x0000000086a00000, 0x0000000086a00000|100%| O|  |TAMS 0x0000000086900000| PB 0x0000000086900000| Untracked |  0
| 106|0x0000000086a00000, 0x0000000086b00000, 0x0000000086b00000|100%| O|  |TAMS 0x0000000086a00000| PB 0x0000000086a00000| Untracked |  0
| 107|0x0000000086b00000, 0x0000000086c00000, 0x0000000086c00000|100%| O|  |TAMS 0x0000000086b00000| PB 0x0000000086b00000| Untracked |  0
| 108|0x0000000086c00000, 0x0000000086c28ef0, 0x0000000086d00000| 15%| O|  |TAMS 0x0000000086c00000| PB 0x0000000086c00000| Untracked |  0
| 109|0x0000000086d00000, 0x0000000086d00000, 0x0000000086e00000|  0%| F|  |TAMS 0x0000000086d00000| PB 0x0000000086d00000| Untracked |  0
| 110|0x0000000086e00000, 0x0000000086e00000, 0x0000000086f00000|  0%| F|  |TAMS 0x0000000086e00000| PB 0x0000000086e00000| Untracked |  0
| 111|0x0000000086f00000, 0x0000000086f00000, 0x0000000087000000|  0%| F|  |TAMS 0x0000000086f00000| PB 0x0000000086f00000| Untracked |  0
| 112|0x0000000087000000, 0x0000000087100000, 0x0000000087100000|100%| O|  |TAMS 0x0000000087000000| PB 0x0000000087000000| Untracked |  0
| 113|0x0000000087100000, 0x0000000087100000, 0x0000000087200000|  0%| F|  |TAMS 0x0000000087100000| PB 0x0000000087100000| Untracked |  0
| 114|0x0000000087200000, 0x0000000087200000, 0x0000000087300000|  0%| F|  |TAMS 0x0000000087200000| PB 0x0000000087200000| Untracked |  0
| 115|0x0000000087300000, 0x0000000087300000, 0x0000000087400000|  0%| F|  |TAMS 0x0000000087300000| PB 0x0000000087300000| Untracked |  0
| 116|0x0000000087400000, 0x0000000087400000, 0x0000000087500000|  0%| F|  |TAMS 0x0000000087400000| PB 0x0000000087400000| Untracked |  0
| 117|0x0000000087500000, 0x0000000087500000, 0x0000000087600000|  0%| F|  |TAMS 0x0000000087500000| PB 0x0000000087500000| Untracked |  0
| 118|0x0000000087600000, 0x0000000087600000, 0x0000000087700000|  0%| F|  |TAMS 0x0000000087600000| PB 0x0000000087600000| Untracked |  0
| 119|0x0000000087700000, 0x0000000087700000, 0x0000000087800000|  0%| F|  |TAMS 0x0000000087700000| PB 0x0000000087700000| Untracked |  0
| 120|0x0000000087800000, 0x0000000087800000, 0x0000000087900000|  0%| F|  |TAMS 0x0000000087800000| PB 0x0000000087800000| Untracked |  0
| 121|0x0000000087900000, 0x0000000087900000, 0x0000000087a00000|  0%| F|  |TAMS 0x0000000087900000| PB 0x0000000087900000| Untracked |  0
| 122|0x0000000087a00000, 0x0000000087aa8548, 0x0000000087b00000| 65%| S|CS|TAMS 0x0000000087a00000| PB 0x0000000087a00000| Complete |  0
| 123|0x0000000087b00000, 0x0000000087c00000, 0x0000000087c00000|100%| S|CS|TAMS 0x0000000087b00000| PB 0x0000000087b00000| Complete |  0
| 124|0x0000000087c00000, 0x0000000087d00000, 0x0000000087d00000|100%| S|CS|TAMS 0x0000000087c00000| PB 0x0000000087c00000| Complete |  0
| 125|0x0000000087d00000, 0x0000000087e00000, 0x0000000087e00000|100%| S|CS|TAMS 0x0000000087d00000| PB 0x0000000087d00000| Complete |  0
| 126|0x0000000087e00000, 0x0000000087f00000, 0x0000000087f00000|100%| S|CS|TAMS 0x0000000087e00000| PB 0x0000000087e00000| Complete |  0
| 127|0x0000000087f00000, 0x0000000087f00000, 0x0000000088000000|  0%| F|  |TAMS 0x0000000087f00000| PB 0x0000000087f00000| Untracked |  0
| 128|0x0000000088000000, 0x0000000088000000, 0x0000000088100000|  0%| F|  |TAMS 0x0000000088000000| PB 0x0000000088000000| Untracked |  0
| 129|0x0000000088100000, 0x0000000088100000, 0x0000000088200000|  0%| F|  |TAMS 0x0000000088100000| PB 0x0000000088100000| Untracked |  0
| 130|0x0000000088200000, 0x0000000088200000, 0x0000000088300000|  0%| F|  |TAMS 0x0000000088200000| PB 0x0000000088200000| Untracked |  0
| 131|0x0000000088300000, 0x0000000088300000, 0x0000000088400000|  0%| F|  |TAMS 0x0000000088300000| PB 0x0000000088300000| Untracked |  0
| 132|0x0000000088400000, 0x0000000088400000, 0x0000000088500000|  0%| F|  |TAMS 0x0000000088400000| PB 0x0000000088400000| Untracked |  0
| 133|0x0000000088500000, 0x0000000088500000, 0x0000000088600000|  0%| F|  |TAMS 0x0000000088500000| PB 0x0000000088500000| Untracked |  0
| 134|0x0000000088600000, 0x0000000088600000, 0x0000000088700000|  0%| F|  |TAMS 0x0000000088600000| PB 0x0000000088600000| Untracked |  0
| 135|0x0000000088700000, 0x0000000088700000, 0x0000000088800000|  0%| F|  |TAMS 0x0000000088700000| PB 0x0000000088700000| Untracked |  0
| 136|0x0000000088800000, 0x0000000088800000, 0x0000000088900000|  0%| F|  |TAMS 0x0000000088800000| PB 0x0000000088800000| Untracked |  0
| 137|0x0000000088900000, 0x0000000088900000, 0x0000000088a00000|  0%| F|  |TAMS 0x0000000088900000| PB 0x0000000088900000| Untracked |  0
| 138|0x0000000088a00000, 0x0000000088a00000, 0x0000000088b00000|  0%| F|  |TAMS 0x0000000088a00000| PB 0x0000000088a00000| Untracked |  0
| 139|0x0000000088b00000, 0x0000000088b00000, 0x0000000088c00000|  0%| F|  |TAMS 0x0000000088b00000| PB 0x0000000088b00000| Untracked |  0
| 140|0x0000000088c00000, 0x0000000088c00000, 0x0000000088d00000|  0%| F|  |TAMS 0x0000000088c00000| PB 0x0000000088c00000| Untracked |  0
| 141|0x0000000088d00000, 0x0000000088d00000, 0x0000000088e00000|  0%| F|  |TAMS 0x0000000088d00000| PB 0x0000000088d00000| Untracked |  0
| 142|0x0000000088e00000, 0x0000000088e00000, 0x0000000088f00000|  0%| F|  |TAMS 0x0000000088e00000| PB 0x0000000088e00000| Untracked |  0
| 143|0x0000000088f00000, 0x0000000088f00000, 0x0000000089000000|  0%| F|  |TAMS 0x0000000088f00000| PB 0x0000000088f00000| Untracked |  0
| 144|0x0000000089000000, 0x0000000089000000, 0x0000000089100000|  0%| F|  |TAMS 0x0000000089000000| PB 0x0000000089000000| Untracked |  0
| 145|0x0000000089100000, 0x0000000089100000, 0x0000000089200000|  0%| F|  |TAMS 0x0000000089100000| PB 0x0000000089100000| Untracked |  0
| 146|0x0000000089200000, 0x0000000089200000, 0x0000000089300000|  0%| F|  |TAMS 0x0000000089200000| PB 0x0000000089200000| Untracked |  0
| 147|0x0000000089300000, 0x0000000089300000, 0x0000000089400000|  0%| F|  |TAMS 0x0000000089300000| PB 0x0000000089300000| Untracked |  0
| 148|0x0000000089400000, 0x0000000089400000, 0x0000000089500000|  0%| F|  |TAMS 0x0000000089400000| PB 0x0000000089400000| Untracked |  0
| 149|0x0000000089500000, 0x0000000089500000, 0x0000000089600000|  0%| F|  |TAMS 0x0000000089500000| PB 0x0000000089500000| Untracked |  0
| 150|0x0000000089600000, 0x0000000089600000, 0x0000000089700000|  0%| F|  |TAMS 0x0000000089600000| PB 0x0000000089600000| Untracked |  0
| 151|0x0000000089700000, 0x0000000089700000, 0x0000000089800000|  0%| F|  |TAMS 0x0000000089700000| PB 0x0000000089700000| Untracked |  0
| 152|0x0000000089800000, 0x0000000089800000, 0x0000000089900000|  0%| F|  |TAMS 0x0000000089800000| PB 0x0000000089800000| Untracked |  0
| 153|0x0000000089900000, 0x0000000089900000, 0x0000000089a00000|  0%| F|  |TAMS 0x0000000089900000| PB 0x0000000089900000| Untracked |  0
| 154|0x0000000089a00000, 0x0000000089ac3858, 0x0000000089b00000| 76%| E|  |TAMS 0x0000000089a00000| PB 0x0000000089a00000| Complete |  0
| 155|0x0000000089b00000, 0x0000000089c00000, 0x0000000089c00000|100%| E|CS|TAMS 0x0000000089b00000| PB 0x0000000089b00000| Complete |  0
| 156|0x0000000089c00000, 0x0000000089d00000, 0x0000000089d00000|100%| E|CS|TAMS 0x0000000089c00000| PB 0x0000000089c00000| Complete |  0
| 157|0x0000000089d00000, 0x0000000089e00000, 0x0000000089e00000|100%| E|CS|TAMS 0x0000000089d00000| PB 0x0000000089d00000| Complete |  0
| 158|0x0000000089e00000, 0x0000000089f00000, 0x0000000089f00000|100%| E|CS|TAMS 0x0000000089e00000| PB 0x0000000089e00000| Complete |  0
| 159|0x0000000089f00000, 0x000000008a000000, 0x000000008a000000|100%| E|CS|TAMS 0x0000000089f00000| PB 0x0000000089f00000| Complete |  0
| 160|0x000000008a000000, 0x000000008a100000, 0x000000008a100000|100%| E|CS|TAMS 0x000000008a000000| PB 0x000000008a000000| Complete |  1
| 161|0x000000008a100000, 0x000000008a200000, 0x000000008a200000|100%| E|CS|TAMS 0x000000008a100000| PB 0x000000008a100000| Complete |  0
| 162|0x000000008a200000, 0x000000008a300000, 0x000000008a300000|100%| E|CS|TAMS 0x000000008a200000| PB 0x000000008a200000| Complete |  0
| 163|0x000000008a300000, 0x000000008a400000, 0x000000008a400000|100%| E|CS|TAMS 0x000000008a300000| PB 0x000000008a300000| Complete |  0
| 164|0x000000008a400000, 0x000000008a500000, 0x000000008a500000|100%| E|CS|TAMS 0x000000008a400000| PB 0x000000008a400000| Complete |  0
| 165|0x000000008a500000, 0x000000008a600000, 0x000000008a600000|100%| E|CS|TAMS 0x000000008a500000| PB 0x000000008a500000| Complete |  0
| 166|0x000000008a600000, 0x000000008a700000, 0x000000008a700000|100%| E|CS|TAMS 0x000000008a600000| PB 0x000000008a600000| Complete |  0
| 167|0x000000008a700000, 0x000000008a800000, 0x000000008a800000|100%| E|CS|TAMS 0x000000008a700000| PB 0x000000008a700000| Complete |  0
| 168|0x000000008a800000, 0x000000008a900000, 0x000000008a900000|100%| E|CS|TAMS 0x000000008a800000| PB 0x000000008a800000| Complete |  0
| 169|0x000000008a900000, 0x000000008aa00000, 0x000000008aa00000|100%| E|CS|TAMS 0x000000008a900000| PB 0x000000008a900000| Complete |  0
| 170|0x000000008aa00000, 0x000000008ab00000, 0x000000008ab00000|100%| E|CS|TAMS 0x000000008aa00000| PB 0x000000008aa00000| Complete |  0
| 171|0x000000008ab00000, 0x000000008ac00000, 0x000000008ac00000|100%| E|CS|TAMS 0x000000008ab00000| PB 0x000000008ab00000| Complete |  0
| 172|0x000000008ac00000, 0x000000008ad00000, 0x000000008ad00000|100%| E|CS|TAMS 0x000000008ac00000| PB 0x000000008ac00000| Complete |  0
| 173|0x000000008ad00000, 0x000000008ae00000, 0x000000008ae00000|100%| E|CS|TAMS 0x000000008ad00000| PB 0x000000008ad00000| Complete |  0
| 174|0x000000008ae00000, 0x000000008af00000, 0x000000008af00000|100%| E|CS|TAMS 0x000000008ae00000| PB 0x000000008ae00000| Complete |  0
| 175|0x000000008af00000, 0x000000008b000000, 0x000000008b000000|100%| E|CS|TAMS 0x000000008af00000| PB 0x000000008af00000| Complete |  0
| 176|0x000000008b000000, 0x000000008b100000, 0x000000008b100000|100%| E|CS|TAMS 0x000000008b000000| PB 0x000000008b000000| Complete |  0
| 177|0x000000008b100000, 0x000000008b200000, 0x000000008b200000|100%| E|CS|TAMS 0x000000008b100000| PB 0x000000008b100000| Complete |  0
| 178|0x000000008b200000, 0x000000008b300000, 0x000000008b300000|100%| E|CS|TAMS 0x000000008b200000| PB 0x000000008b200000| Complete |  0
| 179|0x000000008b300000, 0x000000008b400000, 0x000000008b400000|100%| E|CS|TAMS 0x000000008b300000| PB 0x000000008b300000| Complete |  0
| 180|0x000000008b400000, 0x000000008b500000, 0x000000008b500000|100%| E|CS|TAMS 0x000000008b400000| PB 0x000000008b400000| Complete |  0
| 181|0x000000008b500000, 0x000000008b600000, 0x000000008b600000|100%| E|CS|TAMS 0x000000008b500000| PB 0x000000008b500000| Complete |  0
| 182|0x000000008b600000, 0x000000008b700000, 0x000000008b700000|100%| E|CS|TAMS 0x000000008b600000| PB 0x000000008b600000| Complete |  0
| 183|0x000000008b700000, 0x000000008b800000, 0x000000008b800000|100%| E|CS|TAMS 0x000000008b700000| PB 0x000000008b700000| Complete |  0
| 184|0x000000008b800000, 0x000000008b900000, 0x000000008b900000|100%| E|CS|TAMS 0x000000008b800000| PB 0x000000008b800000| Complete |  0
| 185|0x000000008b900000, 0x000000008ba00000, 0x000000008ba00000|100%| E|CS|TAMS 0x000000008b900000| PB 0x000000008b900000| Complete |  0
| 186|0x000000008ba00000, 0x000000008bb00000, 0x000000008bb00000|100%| E|CS|TAMS 0x000000008ba00000| PB 0x000000008ba00000| Complete |  0
| 187|0x000000008bb00000, 0x000000008bc00000, 0x000000008bc00000|100%| E|CS|TAMS 0x000000008bb00000| PB 0x000000008bb00000| Complete |  0
| 188|0x000000008bc00000, 0x000000008bd00000, 0x000000008bd00000|100%| E|CS|TAMS 0x000000008bc00000| PB 0x000000008bc00000| Complete |  0
| 189|0x000000008bd00000, 0x000000008be00000, 0x000000008be00000|100%| E|CS|TAMS 0x000000008bd00000| PB 0x000000008bd00000| Complete |  0
| 190|0x000000008be00000, 0x000000008bf00000, 0x000000008bf00000|100%| E|CS|TAMS 0x000000008be00000| PB 0x000000008be00000| Complete |  0
| 191|0x000000008bf00000, 0x000000008c000000, 0x000000008c000000|100%| E|CS|TAMS 0x000000008bf00000| PB 0x000000008bf00000| Complete |  0
| 192|0x000000008c000000, 0x000000008c100000, 0x000000008c100000|100%| E|CS|TAMS 0x000000008c000000| PB 0x000000008c000000| Complete |  0
|2034|0x00000000ff200000, 0x00000000ff300000, 0x00000000ff300000|100%| E|CS|TAMS 0x00000000ff200000| PB 0x00000000ff200000| Complete |  0
|2035|0x00000000ff300000, 0x00000000ff400000, 0x00000000ff400000|100%| O|  |TAMS 0x00000000ff300000| PB 0x00000000ff300000| Untracked |  0
|2036|0x00000000ff400000, 0x00000000ff500000, 0x00000000ff500000|100%| O|  |TAMS 0x00000000ff400000| PB 0x00000000ff400000| Untracked |  0
|2037|0x00000000ff500000, 0x00000000ff600000, 0x00000000ff600000|100%| O|  |TAMS 0x00000000ff500000| PB 0x00000000ff500000| Untracked |  0
|2038|0x00000000ff600000, 0x00000000ff700000, 0x00000000ff700000|100%| O|  |TAMS 0x00000000ff600000| PB 0x00000000ff600000| Untracked |  0
|2039|0x00000000ff700000, 0x00000000ff800000, 0x00000000ff800000|100%| O|  |TAMS 0x00000000ff700000| PB 0x00000000ff700000| Untracked |  0
|2040|0x00000000ff800000, 0x00000000ff900000, 0x00000000ff900000|100%| O|  |TAMS 0x00000000ff800000| PB 0x00000000ff800000| Untracked |  0
|2041|0x00000000ff900000, 0x00000000ffa00000, 0x00000000ffa00000|100%| E|CS|TAMS 0x00000000ff900000| PB 0x00000000ff900000| Complete |  0
|2042|0x00000000ffa00000, 0x00000000ffb00000, 0x00000000ffb00000|100%| O|  |TAMS 0x00000000ffa00000| PB 0x00000000ffa00000| Untracked |  0
|2043|0x00000000ffb00000, 0x00000000ffc00000, 0x00000000ffc00000|100%| E|CS|TAMS 0x00000000ffb00000| PB 0x00000000ffb00000| Complete |  0
|2044|0x00000000ffc00000, 0x00000000ffd00000, 0x00000000ffd00000|100%| O|  |TAMS 0x00000000ffc00000| PB 0x00000000ffc00000| Untracked |  0
|2045|0x00000000ffd00000, 0x00000000ffe00000, 0x00000000ffe00000|100%| E|CS|TAMS 0x00000000ffd00000| PB 0x00000000ffd00000| Complete |  0
|2046|0x00000000ffe00000, 0x00000000fff00000, 0x00000000fff00000|100%| O|  |TAMS 0x00000000ffe00000| PB 0x00000000ffe00000| Untracked |  0
|2047|0x00000000fff00000, 0x0000000100000000, 0x0000000100000000|100%| E|CS|TAMS 0x00000000fff00000| PB 0x00000000fff00000| Complete |  0

Card table byte_map: [0x0000018fe1630000,0x0000018fe1a30000] _byte_map_base: 0x0000018fe1230000

Marking Bits: (CMBitMap*) 0x0000018fce941d70
 Bits: [0x0000018fe1a30000, 0x0000018fe3a30000)

Polling page: 0x0000018fce0b0000

Metaspace:
Metaspace        used 128165K, committed 130496K, reserved 1179648K
 class space     used 18559K, committed 19648K, reserved 1048576K

Usage:
  Non-class:    107.04 MB used.
      Class:     18.12 MB used.
       Both:    125.16 MB used.

Virtual space:
  Non-class space:      128.00 MB reserved,     108.25 MB ( 85%) committed,  2 nodes.
      Class space:        1.00 GB reserved,      19.19 MB (  2%) committed,  1 nodes.
             Both:        1.12 GB reserved,     127.44 MB ( 11%) committed. 

Chunk freelists:
   Non-Class:  3.41 MB
       Class:  12.82 MB
        Both:  16.22 MB

MaxMetaspaceSize: unlimited
CompressedClassSpaceSize: 1.00 GB
Initial GC threshold: 21.00 MB
Current GC threshold: 211.56 MB
CDS: off
 - commit_granule_bytes: 65536.
 - commit_granule_words: 8192.
 - virtual_space_node_default_size: 8388608.
 - enlarge_chunks_in_place: 1.
UseCompressedClassPointers 1, UseCompactObjectHeaders 0
Narrow klass pointer bits 32, Max shift 3
Narrow klass base: 0x0000000000000000, Narrow klass shift: 0
Encoding Range: [0x0000000000000000 - 0x0000000100000000), (4294967296 bytes)
Klass Range:    [0x0000000025000000 - 0x0000000065000000), (1073741824 bytes)
Klass ID Range:  [620756992 - 1694498809) (1073741817)
No protection zone.


Internal statistics:

num_allocs_failed_limit: 9.
num_arena_births: 4616.
num_arena_deaths: 0.
num_vsnodes_births: 3.
num_vsnodes_deaths: 0.
num_space_committed: 2037.
num_space_uncommitted: 0.
num_chunks_returned_to_freelist: 9.
num_chunks_taken_from_freelist: 9927.
num_chunk_merges: 9.
num_chunk_splits: 6611.
num_chunks_enlarged: 4323.
num_inconsistent_stats: 0.

CodeHeap 'non-profiled nmethods': size=120064Kb used=5404Kb max_used=5467Kb free=114660Kb
 bounds [0x0000018fd98b0000, 0x0000018fd9e10000, 0x0000018fe0df0000]
CodeHeap 'profiled nmethods': size=120064Kb used=18643Kb max_used=18992Kb free=101420Kb
 bounds [0x0000018fd1dd0000, 0x0000018fd3060000, 0x0000018fd9310000]
CodeHeap 'non-nmethods': size=5760Kb used=2068Kb max_used=2195Kb free=3691Kb
 bounds [0x0000018fd9310000, 0x0000018fd9580000, 0x0000018fd98b0000]
CodeCache: size=245888Kb, used=26115Kb, max_used=26654Kb, free=219771Kb
 total_blobs=13619, nmethods=12681, adapters=841, full_count=0
Compilation: enabled, stopped_count=0, restarted_count=0

Compilation events (20 events):
Event: 80.045 Thread 0x0000018fe6524dc0 15136       3       com.android.tools.r8.graph.p4::<init> (5 bytes)
Event: 80.045 Thread 0x0000018fe6524dc0 nmethod 15136 0x0000018fd1f9fd08 code [0x0000018fd1f9fe00, 0x0000018fd1fa0090]
Event: 80.060 Thread 0x0000018fe6524dc0 15138       3       com.android.tools.r8.internal.af1::a (138 bytes)
Event: 80.061 Thread 0x0000018fe6524dc0 nmethod 15138 0x0000018fd1dfe388 code [0x0000018fd1dfe480, 0x0000018fd1dfe958]
Event: 80.076 Thread 0x0000018fe6524dc0 15139       3       com.android.tools.r8.graph.w::equals (20 bytes)
Event: 80.076 Thread 0x0000018fe6524dc0 nmethod 15139 0x0000018fd2450c08 code [0x0000018fd2450d00, 0x0000018fd2450f50]
Event: 80.078 Thread 0x0000018fe6524dc0 15140       3       org.gradle.fileevents.internal.NativeLogger::log (22 bytes)
Event: 80.079 Thread 0x0000018fe6524dc0 nmethod 15140 0x0000018fd219d908 code [0x0000018fd219da00, 0x0000018fd219dd90]
Event: 80.079 Thread 0x0000018fe6524dc0 15141       3       org.gradle.fileevents.internal.NativeLogger$LogLevel$$Lambda/0x000000002510f970::accept (14 bytes)
Event: 80.079 Thread 0x0000018fe6524dc0 nmethod 15141 0x0000018fd21c9c88 code [0x0000018fd21c9d80, 0x0000018fd21ca000]
Event: 80.090 Thread 0x0000018fe6524dc0 15142       3       com.android.tools.r8.graph.d3::c (168 bytes)
Event: 80.091 Thread 0x0000018fe6524dc0 nmethod 15142 0x0000018fd28a8188 code [0x0000018fd28a8280, 0x0000018fd28a9218]
Event: 80.106 Thread 0x0000018fe6524dc0 15143       1       org.gradle.internal.watch.registry.impl.DefaultFileWatcherRegistry::access$100 (5 bytes)
Event: 80.106 Thread 0x0000018fe6524dc0 nmethod 15143 0x0000018fd9cdf688 code [0x0000018fd9cdf780, 0x0000018fd9cdf828]
Event: 80.106 Thread 0x0000018fe6524dc0 15144       1       org.gradle.internal.watch.registry.impl.DefaultFileWatcherRegistry::access$200 (5 bytes)
Event: 80.106 Thread 0x0000018fe6524dc0 nmethod 15144 0x0000018fd9dacf08 code [0x0000018fd9dad000, 0x0000018fd9dad0a8]
Event: 80.175 Thread 0x0000018fe6524dc0 15145       3       com.android.tools.r8.graph.f4::<init> (57 bytes)
Event: 80.175 Thread 0x0000018fe6524dc0 nmethod 15145 0x0000018fd21d4888 code [0x0000018fd21d4980, 0x0000018fd21d4d48]
Event: 80.175 Thread 0x0000018fe6524dc0 15146       3       com.android.tools.r8.graph.r4::a (21 bytes)
Event: 80.176 Thread 0x0000018fe6524dc0 nmethod 15146 0x0000018fd2517c88 code [0x0000018fd2517d80, 0x0000018fd2517fc8]

GC Heap Usage History (20 events):
Event: 63.470 {heap Before GC invocations=45 (full 0):
 garbage-first heap   total reserved 2097152K, committed 143360K, used 133411K [0x0000000080000000, 0x0000000100000000)
  region size 1024K, 49 young (50176K), 5 survivors (5120K)
}
Event: 63.482 {heap After GC invocations=46 (full 0):
 garbage-first heap   total reserved 2097152K, committed 143360K, used 90081K [0x0000000080000000, 0x0000000100000000)
  region size 1024K, 5 young (5120K), 5 survivors (5120K)
}
Event: 65.587 {heap Before GC invocations=47 (full 0):
 garbage-first heap   total reserved 2097152K, committed 152576K, used 134113K [0x0000000080000000, 0x0000000100000000)
  region size 1024K, 48 young (49152K), 5 survivors (5120K)
}
Event: 65.602 {heap After GC invocations=48 (full 0):
 garbage-first heap   total reserved 2097152K, committed 152576K, used 92763K [0x0000000080000000, 0x0000000100000000)
  region size 1024K, 5 young (5120K), 5 survivors (5120K)
}
Event: 68.436 {heap Before GC invocations=48 (full 0):
 garbage-first heap   total reserved 2097152K, committed 152576K, used 141915K [0x0000000080000000, 0x0000000100000000)
  region size 1024K, 53 young (54272K), 5 survivors (5120K)
}
Event: 68.447 {heap After GC invocations=49 (full 0):
 garbage-first heap   total reserved 2097152K, committed 152576K, used 94284K [0x0000000080000000, 0x0000000100000000)
  region size 1024K, 5 young (5120K), 5 survivors (5120K)
}
Event: 70.417 {heap Before GC invocations=49 (full 0):
 garbage-first heap   total reserved 2097152K, committed 152576K, used 143436K [0x0000000080000000, 0x0000000100000000)
  region size 1024K, 53 young (54272K), 5 survivors (5120K)
}
Event: 70.429 {heap After GC invocations=50 (full 0):
 garbage-first heap   total reserved 2097152K, committed 152576K, used 97755K [0x0000000080000000, 0x0000000100000000)
  region size 1024K, 6 young (6144K), 6 survivors (6144K)
}
Event: 71.838 {heap Before GC invocations=51 (full 0):
 garbage-first heap   total reserved 2097152K, committed 163840K, used 142811K [0x0000000080000000, 0x0000000100000000)
  region size 1024K, 51 young (52224K), 6 survivors (6144K)
}
Event: 71.853 {heap After GC invocations=52 (full 0):
 garbage-first heap   total reserved 2097152K, committed 163840K, used 106160K [0x0000000080000000, 0x0000000100000000)
  region size 1024K, 7 young (7168K), 7 survivors (7168K)
}
Event: 73.809 {heap Before GC invocations=52 (full 0):
 garbage-first heap   total reserved 2097152K, committed 163840K, used 159408K [0x0000000080000000, 0x0000000100000000)
  region size 1024K, 50 young (51200K), 7 survivors (7168K)
}
Event: 73.831 {heap After GC invocations=53 (full 0):
 garbage-first heap   total reserved 2097152K, committed 176128K, used 112167K [0x0000000080000000, 0x0000000100000000)
  region size 1024K, 6 young (6144K), 6 survivors (6144K)
}
Event: 75.876 {heap Before GC invocations=53 (full 0):
 garbage-first heap   total reserved 2097152K, committed 176128K, used 159271K [0x0000000080000000, 0x0000000100000000)
  region size 1024K, 52 young (53248K), 6 survivors (6144K)
}
Event: 75.886 {heap After GC invocations=54 (full 0):
 garbage-first heap   total reserved 2097152K, committed 176128K, used 116155K [0x0000000080000000, 0x0000000100000000)
  region size 1024K, 4 young (4096K), 4 survivors (4096K)
}
Event: 77.467 {heap Before GC invocations=55 (full 0):
 garbage-first heap   total reserved 2097152K, committed 194560K, used 161211K [0x0000000080000000, 0x0000000100000000)
  region size 1024K, 48 young (49152K), 4 survivors (4096K)
}
Event: 77.480 {heap After GC invocations=56 (full 0):
 garbage-first heap   total reserved 2097152K, committed 194560K, used 119550K [0x0000000080000000, 0x0000000100000000)
  region size 1024K, 6 young (6144K), 6 survivors (6144K)
}
Event: 79.040 {heap Before GC invocations=56 (full 0):
 garbage-first heap   total reserved 2097152K, committed 194560K, used 178942K [0x0000000080000000, 0x0000000100000000)
  region size 1024K, 63 young (64512K), 6 survivors (6144K)
}
Event: 79.053 {heap After GC invocations=57 (full 0):
 garbage-first heap   total reserved 2097152K, committed 194560K, used 124052K [0x0000000080000000, 0x0000000100000000)
  region size 1024K, 7 young (7168K), 7 survivors (7168K)
}
Event: 79.607 {heap Before GC invocations=57 (full 0):
 garbage-first heap   total reserved 2097152K, committed 194560K, used 178324K [0x0000000080000000, 0x0000000100000000)
  region size 1024K, 61 young (62464K), 7 survivors (7168K)
}
Event: 79.618 {heap After GC invocations=58 (full 0):
 garbage-first heap   total reserved 2097152K, committed 194560K, used 125765K [0x0000000080000000, 0x0000000100000000)
  region size 1024K, 5 young (5120K), 5 survivors (5120K)
}

Metaspace Usage History (20 events):
Event: 63.471 {metaspace Before GC invocations=45 (full 0):
 Metaspace       used 105818K, committed 107968K, reserved 1179648K
  class space    used 15461K, committed 16448K, reserved 1048576K
}
Event: 63.482 {metaspace After GC invocations=46 (full 0):
 Metaspace       used 105818K, committed 107968K, reserved 1179648K
  class space    used 15461K, committed 16448K, reserved 1048576K
}
Event: 65.587 {metaspace Before GC invocations=47 (full 0):
 Metaspace       used 108708K, committed 111040K, reserved 1179648K
  class space    used 15950K, committed 17024K, reserved 1048576K
}
Event: 65.602 {metaspace After GC invocations=48 (full 0):
 Metaspace       used 108708K, committed 111040K, reserved 1179648K
  class space    used 15950K, committed 17024K, reserved 1048576K
}
Event: 68.436 {metaspace Before GC invocations=48 (full 0):
 Metaspace       used 112116K, committed 114432K, reserved 1179648K
  class space    used 16496K, committed 17536K, reserved 1048576K
}
Event: 68.447 {metaspace After GC invocations=49 (full 0):
 Metaspace       used 112116K, committed 114432K, reserved 1179648K
  class space    used 16496K, committed 17536K, reserved 1048576K
}
Event: 70.417 {metaspace Before GC invocations=49 (full 0):
 Metaspace       used 115952K, committed 118272K, reserved 1179648K
  class space    used 17018K, committed 18112K, reserved 1048576K
}
Event: 70.429 {metaspace After GC invocations=50 (full 0):
 Metaspace       used 115952K, committed 118272K, reserved 1179648K
  class space    used 17018K, committed 18112K, reserved 1048576K
}
Event: 71.838 {metaspace Before GC invocations=51 (full 0):
 Metaspace       used 116146K, committed 118464K, reserved 1179648K
  class space    used 17034K, committed 18112K, reserved 1048576K
}
Event: 71.853 {metaspace After GC invocations=52 (full 0):
 Metaspace       used 116146K, committed 118464K, reserved 1179648K
  class space    used 17034K, committed 18112K, reserved 1048576K
}
Event: 73.809 {metaspace Before GC invocations=52 (full 0):
 Metaspace       used 120361K, committed 122752K, reserved 1179648K
  class space    used 17383K, committed 18496K, reserved 1048576K
}
Event: 73.831 {metaspace After GC invocations=53 (full 0):
 Metaspace       used 120361K, committed 122752K, reserved 1179648K
  class space    used 17383K, committed 18496K, reserved 1048576K
}
Event: 75.876 {metaspace Before GC invocations=53 (full 0):
 Metaspace       used 121421K, committed 123712K, reserved 1179648K
  class space    used 17491K, committed 18560K, reserved 1048576K
}
Event: 75.886 {metaspace After GC invocations=54 (full 0):
 Metaspace       used 121421K, committed 123712K, reserved 1179648K
  class space    used 17491K, committed 18560K, reserved 1048576K
}
Event: 77.467 {metaspace Before GC invocations=55 (full 0):
 Metaspace       used 122965K, committed 125376K, reserved 1179648K
  class space    used 17752K, committed 18880K, reserved 1048576K
}
Event: 77.480 {metaspace After GC invocations=56 (full 0):
 Metaspace       used 122965K, committed 125376K, reserved 1179648K
  class space    used 17752K, committed 18880K, reserved 1048576K
}
Event: 79.040 {metaspace Before GC invocations=56 (full 0):
 Metaspace       used 125918K, committed 128256K, reserved 1179648K
  class space    used 18240K, committed 19328K, reserved 1048576K
}
Event: 79.053 {metaspace After GC invocations=57 (full 0):
 Metaspace       used 125918K, committed 128256K, reserved 1179648K
  class space    used 18240K, committed 19328K, reserved 1048576K
}
Event: 79.607 {metaspace Before GC invocations=57 (full 0):
 Metaspace       used 127405K, committed 129856K, reserved 1179648K
  class space    used 18433K, committed 19584K, reserved 1048576K
}
Event: 79.618 {metaspace After GC invocations=58 (full 0):
 Metaspace       used 127405K, committed 129856K, reserved 1179648K
  class space    used 18433K, committed 19584K, reserved 1048576K
}

Dll operation events (3 events):
Event: 0.134 Loaded shared library C:\Program Files\Android\Android Studio\jbr\bin\java.dll
Event: 0.188 Loaded shared library C:\Program Files\Android\Android Studio\jbr\bin\zip.dll
Event: 3.873 Loaded shared library C:\Program Files\Android\Android Studio\jbr\bin\verify.dll

Deoptimization events (20 events):
Event: 78.915 Thread 0x0000018feecf7e70 DEOPT PACKING pc=0x0000018fd9b24c64 sp=0x0000007e77bf9450
Event: 78.915 Thread 0x0000018feecf7e70 DEOPT UNPACKING pc=0x0000018fd9428d02 sp=0x0000007e77bf93e0 mode 2
Event: 79.221 Thread 0x0000018ff0068f40 DEOPT PACKING pc=0x0000018fd2ffc947 sp=0x0000007e7c4f8010
Event: 79.221 Thread 0x0000018ff0068f40 DEOPT UNPACKING pc=0x0000018fd9361702 sp=0x0000007e7c4f7528 mode 0
Event: 79.270 Thread 0x0000018ff0068f40 DEOPT PACKING pc=0x0000018fd2ffc947 sp=0x0000007e7c4f8010
Event: 79.270 Thread 0x0000018ff0068f40 DEOPT UNPACKING pc=0x0000018fd9361702 sp=0x0000007e7c4f7528 mode 0
Event: 79.303 Thread 0x0000018ff0068f40 DEOPT PACKING pc=0x0000018fd2ffc947 sp=0x0000007e7c4f8010
Event: 79.303 Thread 0x0000018ff0068f40 DEOPT UNPACKING pc=0x0000018fd9361702 sp=0x0000007e7c4f7528 mode 0
Event: 79.312 Thread 0x0000018ff0068f40 Uncommon trap: trap_request=0xffffff45 fr.pc=0x0000018fd9bce330 relative=0x00000000000000b0
Event: 79.312 Thread 0x0000018ff0068f40 Uncommon trap: reason=unstable_if action=reinterpret pc=0x0000018fd9bce330 method=java.util.zip.InflaterInputStream.close()V @ 11 c2
Event: 79.312 Thread 0x0000018ff0068f40 DEOPT PACKING pc=0x0000018fd9bce330 sp=0x0000007e7c4f8060
Event: 79.312 Thread 0x0000018ff0068f40 DEOPT UNPACKING pc=0x0000018fd9428d02 sp=0x0000007e7c4f8000 mode 2
Event: 79.436 Thread 0x0000018ff00650c0 Uncommon trap: trap_request=0xffffff45 fr.pc=0x0000018fd9ca2d78 relative=0x0000000000000278
Event: 79.436 Thread 0x0000018ff00650c0 Uncommon trap: reason=unstable_if action=reinterpret pc=0x0000018fd9ca2d78 method=java.lang.StringLatin1.compareToCI([B[B)I @ 68 c2
Event: 79.436 Thread 0x0000018ff00650c0 DEOPT PACKING pc=0x0000018fd9ca2d78 sp=0x0000007e7c2f8950
Event: 79.436 Thread 0x0000018ff00650c0 DEOPT UNPACKING pc=0x0000018fd9428d02 sp=0x0000007e7c2f8840 mode 2
Event: 79.436 Thread 0x0000018ff00650c0 Uncommon trap: trap_request=0xffffff45 fr.pc=0x0000018fd9c3c984 relative=0x0000000000000204
Event: 79.436 Thread 0x0000018ff00650c0 Uncommon trap: reason=unstable_if action=reinterpret pc=0x0000018fd9c3c984 method=java.lang.StringLatin1.compareToCI([B[B)I @ 68 c2
Event: 79.436 Thread 0x0000018ff00650c0 DEOPT PACKING pc=0x0000018fd9c3c984 sp=0x0000007e7c2f88b0
Event: 79.436 Thread 0x0000018ff00650c0 DEOPT UNPACKING pc=0x0000018fd9428d02 sp=0x0000007e7c2f8838 mode 2

Classes loaded (20 events):
Event: 79.554 Loading class java/util/concurrent/ConcurrentLinkedDeque
Event: 79.558 Loading class java/util/concurrent/ConcurrentLinkedDeque done
Event: 79.558 Loading class java/util/concurrent/ConcurrentLinkedDeque$Node
Event: 79.558 Loading class java/util/concurrent/ConcurrentLinkedDeque$Node done
Event: 79.729 Loading class com/sun/org/apache/xerces/internal/dom/DOMImplementationImpl
Event: 79.731 Loading class org/w3c/dom/DOMImplementation
Event: 79.731 Loading class org/w3c/dom/DOMImplementation done
Event: 79.731 Loading class com/sun/org/apache/xerces/internal/dom/CoreDOMImplementationImpl
Event: 79.732 Loading class org/w3c/dom/ls/DOMImplementationLS
Event: 79.732 Loading class org/w3c/dom/ls/DOMImplementationLS done
Event: 79.732 Loading class com/sun/org/apache/xerces/internal/dom/CoreDOMImplementationImpl done
Event: 79.733 Loading class com/sun/org/apache/xerces/internal/dom/DOMImplementationImpl done
Event: 79.733 Loading class com/sun/org/apache/xerces/internal/dom/DeferredDOMImplementationImpl
Event: 79.733 Loading class com/sun/org/apache/xerces/internal/dom/DeferredDOMImplementationImpl done
Event: 79.747 Loading class java/io/UTFDataFormatException
Event: 79.749 Loading class java/io/UTFDataFormatException done
Event: 79.750 Loading class java/util/zip/ZipFile$EntrySpliterator
Event: 79.754 Loading class java/util/Spliterators$AbstractSpliterator
Event: 79.759 Loading class java/util/Spliterators$AbstractSpliterator done
Event: 79.759 Loading class java/util/zip/ZipFile$EntrySpliterator done

Classes unloaded (0 events):
No events

Classes redefined (0 events):
No events

Internal exceptions (20 events):
Event: 80.144 Thread 0x0000018feecf7e70 Exception <a 'sun/nio/fs/WindowsException'{0x000000008b3c5ca8}> (0x000000008b3c5ca8) 
thrown [s\src\hotspot\share\prims\jni.cpp, line 535]
Event: 80.144 Thread 0x0000018ff00677d0 Exception <a 'sun/nio/fs/WindowsException'{0x000000008b2a0448}> (0x000000008b2a0448) 
thrown [s\src\hotspot\share\prims\jni.cpp, line 535]
Event: 80.149 Thread 0x0000018ff00677d0 Exception <a 'sun/nio/fs/WindowsException'{0x000000008b2aa6d8}> (0x000000008b2aa6d8) 
thrown [s\src\hotspot\share\prims\jni.cpp, line 535]
Event: 80.152 Thread 0x0000018feecf7e70 Exception <a 'sun/nio/fs/WindowsException'{0x000000008b3c8e40}> (0x000000008b3c8e40) 
thrown [s\src\hotspot\share\prims\jni.cpp, line 535]
Event: 80.155 Thread 0x0000018ff00677d0 Exception <a 'sun/nio/fs/WindowsException'{0x000000008b2b39d0}> (0x000000008b2b39d0) 
thrown [s\src\hotspot\share\prims\jni.cpp, line 535]
Event: 80.161 Thread 0x0000018feecf7e70 Exception <a 'sun/nio/fs/WindowsException'{0x000000008b3cb380}> (0x000000008b3cb380) 
thrown [s\src\hotspot\share\prims\jni.cpp, line 535]
Event: 80.161 Thread 0x0000018ff00677d0 Exception <a 'sun/nio/fs/WindowsException'{0x000000008b17e860}> (0x000000008b17e860) 
thrown [s\src\hotspot\share\prims\jni.cpp, line 535]
Event: 80.163 Thread 0x0000018feecf7e70 Exception <a 'sun/nio/fs/WindowsException'{0x000000008b3cd170}> (0x000000008b3cd170) 
thrown [s\src\hotspot\share\prims\jni.cpp, line 535]
Event: 80.165 Thread 0x0000018ff00677d0 Exception <a 'sun/nio/fs/WindowsException'{0x000000008b1878c0}> (0x000000008b1878c0) 
thrown [s\src\hotspot\share\prims\jni.cpp, line 535]
Event: 80.171 Thread 0x0000018ff00677d0 Exception <a 'sun/nio/fs/WindowsException'{0x000000008b192b80}> (0x000000008b192b80) 
thrown [s\src\hotspot\share\prims\jni.cpp, line 535]
Event: 80.174 Thread 0x0000018ff0068f40 Exception <a 'sun/nio/fs/WindowsException'{0x000000008b13fd58}> (0x000000008b13fd58) 
thrown [s\src\hotspot\share\prims\jni.cpp, line 535]
Event: 80.175 Thread 0x0000018ff00677d0 Exception <a 'sun/nio/fs/WindowsException'{0x000000008b1a9188}> (0x000000008b1a9188) 
thrown [s\src\hotspot\share\prims\jni.cpp, line 535]
Event: 80.178 Thread 0x0000018ff00677d0 Exception <a 'sun/nio/fs/WindowsException'{0x000000008b1b2b18}> (0x000000008b1b2b18) 
thrown [s\src\hotspot\share\prims\jni.cpp, line 535]
Event: 80.181 Thread 0x0000018feecf7e70 Exception <a 'sun/nio/fs/WindowsException'{0x000000008b3cf550}> (0x000000008b3cf550) 
thrown [s\src\hotspot\share\prims\jni.cpp, line 535]
Event: 80.182 Thread 0x0000018ff00677d0 Exception <a 'sun/nio/fs/WindowsException'{0x000000008b1bc320}> (0x000000008b1bc320) 
thrown [s\src\hotspot\share\prims\jni.cpp, line 535]
Event: 80.183 Thread 0x0000018feecf7e70 Exception <a 'sun/nio/fs/WindowsException'{0x000000008b3d1340}> (0x000000008b3d1340) 
thrown [s\src\hotspot\share\prims\jni.cpp, line 535]
Event: 80.188 Thread 0x0000018ff00677d0 Exception <a 'sun/nio/fs/WindowsException'{0x000000008b05aa28}> (0x000000008b05aa28) 
thrown [s\src\hotspot\share\prims\jni.cpp, line 535]
Event: 80.195 Thread 0x0000018feecf7e70 Exception <a 'sun/nio/fs/WindowsException'{0x000000008b3d4370}> (0x000000008b3d4370) 
thrown [s\src\hotspot\share\prims\jni.cpp, line 535]
Event: 80.217 Thread 0x0000018ff00677d0 Exception <a 'sun/nio/fs/WindowsException'{0x000000008b064588}> (0x000000008b064588) 
thrown [s\src\hotspot\share\prims\jni.cpp, line 535]
Event: 80.243 Thread 0x0000018ff0068f40 Exception <a 'sun/nio/fs/WindowsException'{0x000000008a974ac0}> (0x000000008a974ac0) 
thrown [s\src\hotspot\share\prims\jni.cpp, line 535]

VM Operations (20 events):
Event: 78.196 Executing non-safepoint VM operation: HandshakeAllThreads (Deoptimize)
Event: 78.199 Executing non-safepoint VM operation: HandshakeAllThreads (Deoptimize) done
Event: 78.203 Executing non-safepoint VM operation: HandshakeAllThreads (Deoptimize)
Event: 78.204 Executing non-safepoint VM operation: HandshakeAllThreads (Deoptimize) done
Event: 78.216 Executing non-safepoint VM operation: HandshakeAllThreads (Deoptimize)
Event: 78.216 Executing non-safepoint VM operation: HandshakeAllThreads (Deoptimize) done
Event: 78.227 Executing non-safepoint VM operation: HandshakeAllThreads (Deoptimize)
Event: 78.227 Executing non-safepoint VM operation: HandshakeAllThreads (Deoptimize) done
Event: 79.040 Executing safepoint VM operation: G1CollectForAllocation (G1 Evacuation Pause)
Event: 79.053 Executing safepoint VM operation: G1CollectForAllocation (G1 Evacuation Pause) done
Event: 79.408 Executing non-safepoint VM operation: HandshakeAllThreads (Deoptimize)
Event: 79.409 Executing non-safepoint VM operation: HandshakeAllThreads (Deoptimize) done
Event: 79.503 Executing non-safepoint VM operation: HandshakeAllThreads (Deoptimize)
Event: 79.504 Executing non-safepoint VM operation: HandshakeAllThreads (Deoptimize) done
Event: 79.601 Executing safepoint VM operation: G1CollectForAllocation (G1 Evacuation Pause)
Event: 79.618 Executing safepoint VM operation: G1CollectForAllocation (G1 Evacuation Pause) done
Event: 79.808 Executing safepoint VM operation: G1PauseRemark
Event: 79.822 Executing safepoint VM operation: G1PauseRemark done
Event: 79.891 Executing safepoint VM operation: G1PauseCleanup
Event: 79.891 Executing safepoint VM operation: G1PauseCleanup done

Memory protections (0 events):
No events

Nmethod flushes (20 events):
Event: 79.819 Thread 0x0000018fe648f890 flushing  nmethod 0x0000018fd237e108
Event: 79.819 Thread 0x0000018fe648f890 flushing  nmethod 0x0000018fd23b4388
Event: 79.819 Thread 0x0000018fe648f890 flushing  nmethod 0x0000018fd23cfa08
Event: 79.819 Thread 0x0000018fe648f890 flushing  nmethod 0x0000018fd23cfd88
Event: 79.819 Thread 0x0000018fe648f890 flushing  nmethod 0x0000018fd242ae88
Event: 79.819 Thread 0x0000018fe648f890 flushing  nmethod 0x0000018fd242ba88
Event: 79.819 Thread 0x0000018fe648f890 flushing  nmethod 0x0000018fd2450c08
Event: 79.819 Thread 0x0000018fe648f890 flushing  nmethod 0x0000018fd24a4688
Event: 79.819 Thread 0x0000018fe648f890 flushing  nmethod 0x0000018fd2532d08
Event: 79.819 Thread 0x0000018fe648f890 flushing  nmethod 0x0000018fd2550588
Event: 79.819 Thread 0x0000018fe648f890 flushing  nmethod 0x0000018fd2550908
Event: 79.819 Thread 0x0000018fe648f890 flushing  nmethod 0x0000018fd2616308
Event: 79.819 Thread 0x0000018fe648f890 flushing  nmethod 0x0000018fd263d288
Event: 79.819 Thread 0x0000018fe648f890 flushing  nmethod 0x0000018fd263f588
Event: 79.819 Thread 0x0000018fe648f890 flushing  nmethod 0x0000018fd267e508
Event: 79.819 Thread 0x0000018fe648f890 flushing  nmethod 0x0000018fd2682808
Event: 79.819 Thread 0x0000018fe648f890 flushing  nmethod 0x0000018fd269f388
Event: 79.819 Thread 0x0000018fe648f890 flushing  nmethod 0x0000018fd26bdb88
Event: 79.819 Thread 0x0000018fe648f890 flushing  nmethod 0x0000018fd2942f88
Event: 79.819 Thread 0x0000018fe648f890 flushing  nmethod 0x0000018fd2b6e088

Events (20 events):
Event: 32.743 Thread 0x0000018feb213880 Thread added: 0x0000018fed928240
Event: 45.818 Thread 0x0000018feb213880 Thread added: 0x0000018fed92d830
Event: 47.302 Thread 0x0000018feb213880 Thread added: 0x0000018fed92e7d0
Event: 49.245 Thread 0x0000018feb213880 Thread added: 0x0000018ff0cb8fe0
Event: 72.903 Thread 0x0000018feb213880 Thread added: 0x0000018ff0cbc690
Event: 72.936 Thread 0x0000018feb213880 Thread added: 0x0000018feecf6ed0
Event: 76.450 Thread 0x0000018feb213880 Thread added: 0x0000018feecfa580
Event: 76.459 Thread 0x0000018feecfa580 Thread exited: 0x0000018feecfa580
Event: 76.662 Thread 0x0000018feb213880 Thread added: 0x0000018feecfa580
Event: 76.750 Thread 0x0000018feecfa580 Thread exited: 0x0000018feecfa580
Event: 77.328 Thread 0x0000018feb213880 Thread added: 0x0000018feecf7e70
Event: 77.349 Thread 0x0000018feecf7e70 Thread added: 0x0000018feecfc4c0
Event: 77.350 Thread 0x0000018feecf7e70 Thread added: 0x0000018feecfb520
Event: 77.350 Thread 0x0000018feecf7e70 Thread added: 0x0000018feecfcc90
Event: 77.350 Thread 0x0000018feecf7e70 Thread added: 0x0000018ff00650c0
Event: 77.350 Thread 0x0000018feecf7e70 Thread added: 0x0000018ff00677d0
Event: 77.351 Thread 0x0000018feecf7e70 Thread added: 0x0000018ff0068f40
Event: 77.351 Thread 0x0000018feecf7e70 Thread added: 0x0000018ff0069ee0
Event: 77.411 Thread 0x0000018feecfb520 Thread added: 0x0000018ff0068770
Event: 78.161 Thread 0x0000018ff0069ee0 Thread added: 0x0000018ff006ae80


Dynamic libraries:
0x00007ff69bd80000 - 0x00007ff69bd8a000 	C:\Program Files\Android\Android Studio\jbr\bin\java.exe
0x00007ffb42e80000 - 0x00007ffb430e7000 	C:\Windows\SYSTEM32\ntdll.dll
0x00007ffb42940000 - 0x00007ffb42a0b000 	C:\Windows\System32\KERNEL32.DLL
0x00007ffb40080000 - 0x00007ffb40482000 	C:\Windows\System32\KERNELBASE.dll
0x00007ffb40670000 - 0x00007ffb407bc000 	C:\Windows\System32\ucrtbase.dll
0x00007ffaeee80000 - 0x00007ffaeee96000 	C:\Program Files\Android\Android Studio\jbr\bin\jli.dll
0x00007ffb42540000 - 0x00007ffb4270f000 	C:\Windows\System32\USER32.dll
0x00007ffb40890000 - 0x00007ffb408b7000 	C:\Windows\System32\win32u.dll
0x00007ffb42510000 - 0x00007ffb4253b000 	C:\Windows\System32\GDI32.dll
0x00007ffb3a7c0000 - 0x00007ffb3a7db000 	C:\Program Files\Android\Android Studio\jbr\bin\VCRUNTIME140.dll
0x00007ffb40540000 - 0x00007ffb40669000 	C:\Windows\System32\gdi32full.dll
0x00007ffb40490000 - 0x00007ffb40533000 	C:\Windows\System32\msvcp_win.dll
0x00007ffb21cc0000 - 0x00007ffb21f50000 	C:\Windows\WinSxS\amd64_microsoft.windows.common-controls_6595b64144ccf1df_6.0.26100.9278_none_3e0d1ba8e3303201\COMCTL32.dll
0x00007ffb40ef0000 - 0x00007ffb40f99000 	C:\Windows\System32\msvcrt.dll
0x00007ffb40d10000 - 0x00007ffb40d41000 	C:\Windows\System32\IMM32.DLL
0x00007ffb3c890000 - 0x00007ffb3c89c000 	C:\Program Files\Android\Android Studio\jbr\bin\vcruntime140_1.dll
0x00007ffb24360000 - 0x00007ffb243ed000 	C:\Program Files\Android\Android Studio\jbr\bin\msvcp140.dll
0x00007ffac5740000 - 0x00007ffac661d000 	C:\Program Files\Android\Android Studio\jbr\bin\server\jvm.dll
0x00007ffb41870000 - 0x00007ffb4192c000 	C:\Windows\System32\ADVAPI32.dll
0x00007ffb42aa0000 - 0x00007ffb42b49000 	C:\Windows\System32\sechost.dll
0x00007ffb42820000 - 0x00007ffb42938000 	C:\Windows\System32\RPCRT4.dll
0x00007ffb42bc0000 - 0x00007ffb42c40000 	C:\Windows\System32\WS2_32.dll
0x00007ffb37af0000 - 0x00007ffb37afb000 	C:\Windows\SYSTEM32\VERSION.dll
0x00007ffb33650000 - 0x00007ffb33686000 	C:\Windows\SYSTEM32\WINMM.dll
0x00007ffb3fee0000 - 0x00007ffb3ff3e000 	C:\Windows\SYSTEM32\POWRPROF.dll
0x00007ffb3fec0000 - 0x00007ffb3fed5000 	C:\Windows\SYSTEM32\UMPDC.dll
0x00007ffb3ed50000 - 0x00007ffb3ed6b000 	C:\Windows\SYSTEM32\kernel.appcore.dll
0x00007ffb3a830000 - 0x00007ffb3a83a000 	C:\Program Files\Android\Android Studio\jbr\bin\jimage.dll
0x00007ffb3d670000 - 0x00007ffb3d8bc000 	C:\Windows\SYSTEM32\DBGHELP.DLL
0x00007ffb41b20000 - 0x00007ffb41ea5000 	C:\Windows\System32\combase.dll
0x00007ffb423d0000 - 0x00007ffb424a9000 	C:\Windows\System32\OLEAUT32.dll
0x00007ffb26d60000 - 0x00007ffb26d9b000 	C:\Windows\SYSTEM32\dbgcore.DLL
0x00007ffb408c0000 - 0x00007ffb4096c000 	C:\Windows\System32\bcryptPrimitives.dll
0x00007ffb19d70000 - 0x00007ffb19d7e000 	C:\Program Files\Android\Android Studio\jbr\bin\instrument.dll
0x00007ffb39490000 - 0x00007ffb394ae000 	C:\Program Files\Android\Android Studio\jbr\bin\java.dll
0x00007ffb40d50000 - 0x00007ffb40eea000 	C:\Windows\System32\ole32.dll
0x00007ffb40fb0000 - 0x00007ffb41748000 	C:\Windows\System32\SHELL32.dll
0x00007ffb39470000 - 0x00007ffb39486000 	C:\Program Files\Android\Android Studio\jbr\bin\zip.dll
0x00007ffb3dac0000 - 0x00007ffb3e36e000 	C:\Windows\SYSTEM32\windows.storage.dll
0x00007ffb42720000 - 0x00007ffb4281b000 	C:\Windows\System32\SHCORE.dll
0x00007ffb40ba0000 - 0x00007ffb40c06000 	C:\Windows\System32\shlwapi.dll
0x00007ffb3ffa0000 - 0x00007ffb3ffc9000 	C:\Windows\SYSTEM32\profapi.dll
0x00007ffb3a7b0000 - 0x00007ffb3a7c0000 	C:\Program Files\Android\Android Studio\jbr\bin\net.dll
0x00007ffb3f310000 - 0x00007ffb3f37c000 	C:\Windows\system32\mswsock.dll
0x00007ffb37f00000 - 0x00007ffb37f16000 	C:\Program Files\Android\Android Studio\jbr\bin\nio.dll
0x00007ffb306a0000 - 0x00007ffb306b0000 	C:\Program Files\Android\Android Studio\jbr\bin\verify.dll
0x00007ffb30670000 - 0x00007ffb30697000 	C:\Users\sendh\.gradle\native\660c5614fbf4a5f2a75b1949f50a0caf5cd603558e7d8a26e50b933a0cfb79d1\windows-amd64\native-platform.dll
0x00007ffa7dad0000 - 0x00007ffa7db47000 	C:\Users\sendh\.gradle\native\0.2.8\x86_64-windows-gnu\gradle-fileevents.dll
0x00007ffb31db0000 - 0x00007ffb31db9000 	C:\Program Files\Android\Android Studio\jbr\bin\management.dll
0x00007ffb31a20000 - 0x00007ffb31a2b000 	C:\Program Files\Android\Android Studio\jbr\bin\management_ext.dll
0x00007ffb41860000 - 0x00007ffb41868000 	C:\Windows\System32\PSAPI.DLL
0x00007ffb3e750000 - 0x00007ffb3e783000 	C:\Windows\SYSTEM32\IPHLPAPI.DLL
0x00007ffb42a10000 - 0x00007ffb42a1a000 	C:\Windows\System32\NSI.dll
0x00007ffb31dc0000 - 0x00007ffb31dc9000 	C:\Program Files\Android\Android Studio\jbr\bin\extnet.dll
0x00007ffb3f620000 - 0x00007ffb3f63b000 	C:\Windows\SYSTEM32\CRYPTSP.dll
0x00007ffb3ecb0000 - 0x00007ffb3ece9000 	C:\Windows\system32\rsaenh.dll
0x00007ffb3f3c0000 - 0x00007ffb3f3f4000 	C:\Windows\SYSTEM32\USERENV.dll
0x00007ffb3ff70000 - 0x00007ffb3ff9a000 	C:\Windows\SYSTEM32\bcrypt.dll
0x00007ffb3f600000 - 0x00007ffb3f60c000 	C:\Windows\SYSTEM32\CRYPTBASE.dll
0x00007ffb066f0000 - 0x00007ffb066f8000 	C:\Windows\system32\wshunix.dll
0x00007ffb3ee80000 - 0x00007ffb3eeb6000 	C:\Windows\SYSTEM32\ntmarta.dll

JVMTI agents:
C:\Users\sendh\.gradle\wrapper\dists\gradle-9.6.0-bin\42k10rwplmzkhuboz9kdazi7s\gradle-9.6.0\lib\agents\gradle-instrumentation-agent-9.6.0.jar path:C:\Program Files\Android\Android Studio\jbr\bin\instrument.dll, loaded, initialized, instrumentlib options:none

dbghelp: loaded successfully - version: 4.0.5 - missing functions: none
symbol engine: initialized successfully - sym options: 0x614 - pdb path: .;C:\Program Files\Android\Android Studio\jbr\bin;C:\Windows\SYSTEM32;C:\Windows\WinSxS\amd64_microsoft.windows.common-controls_6595b64144ccf1df_6.0.26100.9278_none_3e0d1ba8e3303201;C:\Program Files\Android\Android Studio\jbr\bin\server;C:\Users\sendh\.gradle\native\660c5614fbf4a5f2a75b1949f50a0caf5cd603558e7d8a26e50b933a0cfb79d1\windows-amd64;C:\Users\sendh\.gradle\native\0.2.8\x86_64-windows-gnu

VM Arguments:
jvm_args: --add-opens=java.base/java.lang=ALL-UNNAMED --add-opens=java.base/java.lang.invoke=ALL-UNNAMED --add-opens=java.base/java.util=ALL-UNNAMED --add-opens=java.prefs/java.util.prefs=ALL-UNNAMED --add-exports=jdk.compiler/com.sun.tools.javac.api=ALL-UNNAMED --add-exports=jdk.compiler/com.sun.tools.javac.util=ALL-UNNAMED --add-opens=java.base/java.nio.charset=ALL-UNNAMED --add-opens=java.base/java.net=ALL-UNNAMED --add-opens=java.base/java.util.concurrent=ALL-UNNAMED --add-opens=java.base/java.util.concurrent.atomic=ALL-UNNAMED --add-opens=java.xml/javax.xml.namespace=ALL-UNNAMED --add-opens=java.base/java.time=ALL-UNNAMED --enable-native-access=ALL-UNNAMED -Xmx2048m -Dfile.encoding=UTF-8 -Duser.country=ZA -Duser.language=en -Duser.variant -javaagent:C:\Users\sendh\.gradle\wrapper\dists\gradle-9.6.0-bin\42k10rwplmzkhuboz9kdazi7s\gradle-9.6.0\lib\agents\gradle-instrumentation-agent-9.6.0.jar 
java_command: org.gradle.launcher.daemon.bootstrap.GradleDaemon 9.6.0
java_class_path (initial): C:\Users\sendh\.gradle\wrapper\dists\gradle-9.6.0-bin\42k10rwplmzkhuboz9kdazi7s\gradle-9.6.0\lib\gradle-daemon-main-9.6.0.jar
Launcher Type: SUN_STANDARD

[Global flags]
     intx CICompilerCount                          = 4                                         {product} {ergonomic}
     uint ConcGCThreads                            = 2                                         {product} {ergonomic}
     uint G1ConcRefinementThreads                  = 8                                         {product} {ergonomic}
   size_t G1HeapRegionSize                         = 1048576                                   {product} {ergonomic}
   size_t InitialHeapSize                          = 96468992                                  {product} {ergonomic}
   size_t MarkStackSize                            = 4194304                                   {product} {ergonomic}
   size_t MarkStackSizeMax                         = 536870912                                 {product} {ergonomic}
   size_t MaxHeapSize                              = 2147483648                                {product} {command line}
   size_t MaxNewSize                               = 1287651328                                {product} {ergonomic}
   size_t MinHeapDeltaBytes                        = 1048576                                   {product} {ergonomic}
   size_t MinHeapSize                              = 8388608                                   {product} {ergonomic}
    uintx NonNMethodCodeHeapSize                   = 5898240                                {pd product} {ergonomic}
    uintx NonProfiledCodeHeapSize                  = 122945536                              {pd product} {ergonomic}
    uintx ProfiledCodeHeapSize                     = 122945536                              {pd product} {ergonomic}
    uintx ReservedCodeCacheSize                    = 251789312                              {pd product} {ergonomic}
     bool SegmentedCodeCache                       = true                                      {product} {ergonomic}
   size_t SoftMaxHeapSize                          = 2147483648                             {manageable} {ergonomic}
     bool UseCompressedOops                        = true                           {product lp64_product} {ergonomic}
     bool UseG1GC                                  = true                                      {product} {ergonomic}
     bool UseLargePagesIndividualAllocation        = false                                  {pd product} {ergonomic}

Logging:
Log output configuration:
 #0: stdout all=warning uptime,level,tags foldmultilines=false
 #1: stderr all=off uptime,level,tags foldmultilines=false

Release file:
JAVA_VERSION="25.0.3" 
MODULES="java.base java.compiler java.datatransfer java.xml java.prefs java.desktop java.instrument java.logging java.management java.security.sasl java.naming java.rmi java.management.rmi java.net.http java.scripting java.security.jgss java.transaction.xa java.sql java.sql.rowset java.xml.crypto java.se java.smartcardio jdk.accessibility jdk.internal.jvmstat jdk.attach jdk.charsets jdk.internal.opt jdk.zipfs jdk.compiler jdk.crypto.cryptoki jdk.crypto.ec jdk.dynalink jdk.hotspot.agent jdk.httpserver jdk.internal.ed jdk.internal.le jdk.internal.md jdk.internal.vm.ci jdk.jartool jdk.javadoc jdk.jcmd jdk.jdeps jdk.jdwp.agent jdk.jdi jdk.jfr jdk.jlink jdk.localedata jdk.management jdk.management.agent jdk.management.jfr jdk.naming.dns jdk.naming.rmi jdk.net jdk.sctp jdk.security.auth jdk.security.jgss jdk.unsupported jdk.unsupported.desktop jdk.xml.dom" 
IMPLEMENTOR="JetBrains s.r.o." 
JAVA_RUNTIME_VERSION="25.0.3+-15898627-b508.16" 
LIBC="default" 
OS_ARCH="x86_64" 
OS_NAME="Windows" 
SOURCE=".:git:a8b1dba3234f" 

Environment Variables:
PATH=C:\Windows\system32;C:\Windows;C:\Windows\System32\Wbem;C:\Windows\System32\WindowsPowerShell\v1.0\;C:\Windows\System32\OpenSSH\;C:\Program Files\Microsoft SQL Server\170\Tools\Binn\;C:\Program Files\Microsoft SQL Server\Client SDK\ODBC\170\Tools\Binn\;C:\Program Files\nodejs\;C:\Program Files\dotnet\;C:\Program Files (x86)\Microsoft SQL Server\170\Tools\Binn\;C:\Program Files\Microsoft SQL Server\Client SDK\ODBC\180\Tools\Binn\;C:\Program Files\Microsoft SQL Server\170\DTS\Binn\;C:\Users\sendh\AppData\Local\Microsoft\WindowsApps;C:\Users\sendh\AppData\Local\Programs\Microsoft VS Code\bin;C:\Users\sendh\AppData\Roaming\npm;C:\Users\sendh\.dotnet\tools
USERNAME=BashaXavier
OS=Windows_NT
PROCESSOR_IDENTIFIER=AMD64 Family 23 Model 160 Stepping 0, AuthenticAMD
TMP=C:\Users\sendh\AppData\Local\Temp
TEMP=C:\Users\sendh\AppData\Local\Temp




Compilation memory statistics disabled.

Periodic native trim disabled

JNI global refs:
JNI global refs: 22, weak refs: 7

JNI global refs memory usage: 835, weak refs: 833

Process memory usage:
Resident Set Size: 377916K (6% of 6018300K total physical memory with 143220K free physical memory)

OOME stack traces (most recent first):
Classloader memory used:
Loader org.gradle.internal.classloader.VisitableURLClassLoader                         : 46287 K
Loader org.gradle.internal.classloader.VisitableURLClassLoader$InstrumentingVisitableURLClassLoader: 34962 K
Loader bootstrap                                                                       : 30464 K
Loader org.gradle.initialization.MixInLegacyTypesClassLoader                           : 15845 K
Loader jdk.internal.loader.ClassLoaders$AppClassLoader                                 : 188 K
Loader org.gradle.internal.classloader.VisitableURLClassLoader                         : 160 K
Loader jdk.internal.loader.ClassLoaders$PlatformClassLoader                            : 149 K
Loader org.gradle.groovy.scripts.internal.DefaultScriptCompilationHandler$ScriptClassLoader: 123 K

Classes loaded by more than one classloader:
Class Program                                                                         : loaded 5 times (x 74B)
Class Build_gradle                                                                    : loaded 3 times (x 128B)
Class com.google.common.collect.RegularImmutableMap$KeySet                            : loaded 2 times (x 154B)
Class org.gradle.internal.classloader.FilteringClassLoader                            : loaded 2 times (x 106B)
Class com.google.common.io.FileWriteMode                                              : loaded 2 times (x 81B)
Class [Lcom.google.common.base.AbstractIterator$State;                                : loaded 2 times (x 71B)
Class com.google.common.base.CharMatcher$IsEither                                     : loaded 2 times (x 113B)
Class org.gradle.internal.classloader.ClassLoaderHierarchy                            : loaded 2 times (x 72B)
Class com.google.common.collect.AbstractMapBasedMultimap$WrappedCollection            : loaded 2 times (x 126B)
Class com.google.common.collect.ImmutableEnumSet                                      : loaded 2 times (x 148B)
Class com.google.common.collect.ImmutableList$1                                       : loaded 2 times (x 99B)
Class com.google.common.util.concurrent.ExecutionError                                : loaded 2 times (x 84B)
Class com.google.common.collect.RegularImmutableMap                                   : loaded 2 times (x 122B)
Class com.google.common.collect.ImmutableMap$MapViewOfValuesAsSingletonSets           : loaded 2 times (x 128B)
Class com.google.common.collect.TransformedListIterator                               : loaded 2 times (x 95B)
Class [Lorg.objectweb.asm.Symbol;                                                     : loaded 2 times (x 71B)
Class org.objectweb.asm.ClassVisitor                                                  : loaded 2 times (x 90B)
Class com.google.common.collect.UnmodifiableListIterator                              : loaded 2 times (x 97B)
Class com.google.common.base.Platform$JdkPatternCompiler                              : loaded 2 times (x 77B)
Class org.objectweb.asm.MethodTooLargeException                                       : loaded 2 times (x 84B)
Class [Lcom.google.common.cache.CacheBuilder$OneWeigher;                              : loaded 2 times (x 71B)
Class com.google.common.base.Suppliers                                                : loaded 2 times (x 73B)
Class org.gradle.internal.classloader.DefaultClassLoaderFactory                       : loaded 2 times (x 84B)
Class com.google.common.base.CharMatcher$None                                         : loaded 2 times (x 114B)
Class [Lcom.google.common.collect.ImmutableMapEntry;                                  : loaded 2 times (x 71B)
Class com.google.common.collect.ListMultimap                                          : loaded 2 times (x 72B)
Class com.google.common.collect.ImmutableEnumMap                                      : loaded 2 times (x 128B)
Class com.google.common.base.Splitter                                                 : loaded 2 times (x 74B)
Class com.google.common.collect.Sets$1                                                : loaded 2 times (x 143B)
Class org.objectweb.asm.AnnotationVisitor                                             : loaded 2 times (x 80B)
Class org.gradle.api.internal.DefaultClassPathProvider                                : loaded 2 times (x 78B)
Class com.google.common.collect.Maps$ViewCachingAbstractMap                           : loaded 2 times (x 127B)
Class com.google.common.collect.Sets$2                                                : loaded 2 times (x 143B)
Class [Lorg.gradle.api.internal.ClassPathProvider;                                    : loaded 2 times (x 71B)
Class org.gradle.api.internal.ClassPathProvider                                       : loaded 2 times (x 72B)
Class com.google.common.base.AbstractIterator$State                                   : loaded 2 times (x 81B)
Class [Lorg.objectweb.asm.AnnotationVisitor;                                          : loaded 2 times (x 71B)
Class com.google.common.collect.Sets$3                                                : loaded 2 times (x 143B)
Class com.google.common.cache.LocalCache$LocalLoadingCache                            : loaded 2 times (x 136B)
Class org.gradle.internal.service.UnknownServiceException                             : loaded 2 times (x 85B)
Class com.google.common.collect.Sets$4                                                : loaded 2 times (x 143B)
Class org.objectweb.asm.ModuleVisitor                                                 : loaded 2 times (x 83B)
Class com.google.common.cache.LocalCache$Strength$1                                   : loaded 2 times (x 83B)
Class com.google.common.util.concurrent.SettableFuture                                : loaded 2 times (x 116B)
Class com.google.common.cache.LocalCache$Strength$2                                   : loaded 2 times (x 83B)
Class com.google.common.collect.TransformedIterator                                   : loaded 2 times (x 82B)
Class com.google.common.base.Splitter$1                                               : loaded 2 times (x 79B)
Class com.google.common.cache.LocalCache$Strength$3                                   : loaded 2 times (x 83B)
Class com.google.common.collect.MapDifference                                         : loaded 2 times (x 72B)
Class org.objectweb.asm.FieldWriter                                                   : loaded 2 times (x 79B)
Class com.google.common.cache.CacheBuilder$NullListener                               : loaded 2 times (x 84B)
Class org.gradle.internal.classpath.TransformedClassPath                              : loaded 2 times (x 98B)
Class org.gradle.internal.classloader.InstrumentingClassLoader                        : loaded 2 times (x 72B)
Class com.google.common.collect.Iterators$ArrayItr                                    : loaded 2 times (x 99B)
Class com.google.common.cache.CacheLoader$FunctionToCacheLoader                       : loaded 2 times (x 77B)
Class com.google.common.collect.ImmutableCollection$Builder                           : loaded 2 times (x 78B)
Class com.google.common.base.Joiner                                                   : loaded 2 times (x 82B)
Class com.google.common.base.Equivalence$Identity                                     : loaded 2 times (x 84B)
Class com.google.common.collect.Platform                                              : loaded 2 times (x 73B)
Class [Lorg.objectweb.asm.Type;                                                       : loaded 2 times (x 71B)
Class com.google.common.collect.UnmodifiableIterator                                  : loaded 2 times (x 82B)
Class org.gradle.internal.service.ServiceLocator                                      : loaded 2 times (x 72B)
Class com.google.common.base.Ascii                                                    : loaded 2 times (x 73B)
Class com.google.common.collect.SingletonImmutableBiMap                               : loaded 2 times (x 145B)
Class com.google.common.collect.Iterators$SingletonIterator                           : loaded 2 times (x 83B)
Class com.google.common.cache.LocalCache$1                                            : loaded 2 times (x 91B)
Class com.google.common.collect.AbstractMapEntry                                      : loaded 2 times (x 83B)
Class com.google.common.collect.Sets$ImprovedAbstractSet                              : loaded 2 times (x 137B)
Class com.google.common.collect.ImmutableList$Builder                                 : loaded 2 times (x 79B)
Class com.google.common.collect.AbstractMultimap                                      : loaded 2 times (x 125B)
Class com.google.common.cache.LocalCache$2                                            : loaded 2 times (x 144B)
Class com.google.common.collect.RegularImmutableAsList                                : loaded 2 times (x 219B)
Class com.google.common.collect.Iterators                                             : loaded 2 times (x 73B)
Class com.google.common.util.concurrent.AbstractFuture$Trusted                        : loaded 2 times (x 72B)
Class com.google.common.io.ByteSink$AsCharSink                                        : loaded 2 times (x 82B)
Class com.google.common.collect.Lists$StringAsImmutableList                           : loaded 2 times (x 209B)
Class com.google.common.util.concurrent.UncheckedExecutionException                   : loaded 2 times (x 84B)
Class org.gradle.kotlin.dsl.VersionCatalogAccessorsKt                                 : loaded 2 times (x 73B)
Class com.google.common.collect.AbstractMapBasedMultimap$KeySet$1                     : loaded 2 times (x 84B)
Class org.objectweb.asm.ClassWriter                                                   : loaded 2 times (x 107B)
Class com.google.common.base.CharMatcher$And                                          : loaded 2 times (x 114B)
Class com.google.common.cache.CacheLoader$UnsupportedLoadingOperationException        : loaded 2 times (x 84B)
Class com.google.common.base.Objects                                                  : loaded 2 times (x 73B)
Class org.objectweb.asm.FieldVisitor                                                  : loaded 2 times (x 79B)
Class com.google.common.collect.IndexedImmutableSet                                   : loaded 2 times (x 154B)
Class com.google.common.collect.ImmutableMap$1                                        : loaded 2 times (x 83B)
Class com.google.common.collect.BiMap                                                 : loaded 2 times (x 72B)
Class org.gradle.api.internal.classpath.DefaultModuleRegistry$DefaultModule           : loaded 2 times (x 84B)
Class com.google.common.primitives.Ints                                               : loaded 2 times (x 73B)
Class com.google.common.collect.AbstractIterator                                      : loaded 2 times (x 84B)
Class com.google.common.collect.ObjectArrays                                          : loaded 2 times (x 73B)
Class com.google.common.math.MathPreconditions                                        : loaded 2 times (x 73B)
Class com.google.common.collect.Multiset                                              : loaded 2 times (x 72B)
Class com.google.common.collect.ArrayListMultimapGwtSerializationDependencies         : loaded 2 times (x 173B)
Class com.google.common.collect.AbstractIndexedListIterator                           : loaded 2 times (x 98B)
Class com.google.common.collect.ImmutableMapEntrySet                                  : loaded 2 times (x 154B)
Class org.gradle.api.internal.classpath.Module                                        : loaded 2 times (x 72B)
Class com.google.common.cache.Weigher                                                 : loaded 2 times (x 72B)
Class org.gradle.api.internal.classpath.UnknownModuleException                        : loaded 2 times (x 84B)
Class com.google.common.base.Stopwatch                                                : loaded 2 times (x 74B)
Class com.google.common.cache.LocalCache$Strength                                     : loaded 2 times (x 83B)
Class com.google.common.cache.Cache                                                   : loaded 2 times (x 72B)
Class com.google.common.base.NullnessCasts                                            : loaded 2 times (x 73B)
Class com.google.common.util.concurrent.AbstractFuture$Cancellation                   : loaded 2 times (x 74B)
Class com.google.common.collect.ImmutableMap$Builder                                  : loaded 2 times (x 84B)
Class com.google.common.collect.AbstractMapBasedMultimap$WrappedCollection$WrappedIterator: loaded 2 times (x 86B)
Class com.google.common.cache.RemovalListener                                         : loaded 2 times (x 72B)
Class org.gradle.api.internal.DefaultClassPathRegistry                                : loaded 2 times (x 78B)
Class com.google.common.primitives.IntsMethodsForWeb                                  : loaded 2 times (x 73B)
Class com.google.common.collect.Multimap                                              : loaded 2 times (x 72B)
Class org.gradle.internal.classpath.DefaultClassPath$ImmutableUniqueList              : loaded 2 times (x 201B)
Class org.gradle.api.internal.ClassPathRegistry                                       : loaded 2 times (x 72B)
Class com.google.common.base.ExtraObjectsMethodsForWeb                                : loaded 2 times (x 73B)
Class com.google.common.base.MoreObjects                                              : loaded 2 times (x 73B)
Class com.google.common.io.ByteSink                                                   : loaded 2 times (x 78B)
Class com.google.common.collect.SingletonImmutableList                                : loaded 2 times (x 209B)
Class com.google.common.cache.CacheBuilder                                            : loaded 2 times (x 74B)
Class Settings_gradle$1                                                               : loaded 2 times (x 76B)
Class org.gradle.internal.classpath.ClassPath                                         : loaded 2 times (x 72B)
Class com.google.common.io.Files$FileByteSource                                       : loaded 2 times (x 87B)
Class com.google.common.base.JdkPattern                                               : loaded 2 times (x 77B)
Class com.google.common.collect.ImmutableList$ReverseImmutableList                    : loaded 2 times (x 211B)
Class com.google.errorprone.annotations.DoNotMock                                     : loaded 2 times (x 72B)
Class org.objectweb.asm.SymbolTable$Entry                                             : loaded 2 times (x 75B)
Class org.gradle.api.internal.classpath.DefaultModuleRegistry$DefaultModuleAlias      : loaded 2 times (x 82B)
Class org.objectweb.asm.Edge                                                          : loaded 2 times (x 74B)
Class com.google.common.collect.Iterators$1                                           : loaded 2 times (x 83B)
Class com.google.common.base.Suppliers$SupplierOfInstance                             : loaded 2 times (x 81B)
Class com.google.common.collect.SingletonImmutableSet                                 : loaded 2 times (x 148B)
Class com.google.common.cache.LocalCache$ComputingValueReference                      : loaded 2 times (x 98B)
Class com.google.common.collect.ImmutableMap$IteratorBasedImmutableMap                : loaded 2 times (x 128B)
Class com.google.common.cache.LocalCache$Segment                                      : loaded 2 times (x 155B)
Class com.google.common.collect.AbstractListMultimap                                  : loaded 2 times (x 173B)
Class [Lorg.objectweb.asm.SymbolTable$Entry;                                          : loaded 2 times (x 71B)
Class com.google.common.collect.Iterators$4                                           : loaded 2 times (x 84B)
Class com.google.common.cache.CacheLoader                                             : loaded 2 times (x 76B)
Class com.google.common.collect.ImmutableBiMap                                        : loaded 2 times (x 145B)
Class org.gradle.api.internal.classpath.ModuleRegistry                                : loaded 2 times (x 72B)
Class org.gradle.internal.installation.GradleInstallation$1                           : loaded 2 times (x 77B)
Class com.google.common.base.Splitter$SplittingIterator                               : loaded 2 times (x 85B)
Class com.google.common.collect.ImmutableSet$JdkBackedSetBuilderImpl                  : loaded 2 times (x 78B)
Class com.google.common.collect.Iterators$5                                           : loaded 2 times (x 84B)
Class com.google.common.util.concurrent.internal.InternalFutureFailureAccess          : loaded 2 times (x 74B)
Class com.google.common.base.CharMatcher$ForPredicate                                 : loaded 2 times (x 114B)
Class com.google.common.cache.LocalCache$LocalManualCache$1                           : loaded 2 times (x 77B)
Class com.google.common.base.CharMatcher$AnyOf                                        : loaded 2 times (x 114B)
Class com.google.common.collect.ImmutableCollection                                   : loaded 2 times (x 127B)
Class org.gradle.api.internal.classpath.DefaultModuleRegistry                         : loaded 2 times (x 86B)
Class com.google.common.collect.Lists                                                 : loaded 2 times (x 73B)
Class com.google.common.util.concurrent.ListenableFuture                              : loaded 2 times (x 72B)
Class com.google.common.cache.ReferenceEntry                                          : loaded 2 times (x 72B)
Class com.google.common.base.Converter                                                : loaded 2 times (x 92B)
Class com.google.common.collect.ImmutableSet$CachingAsList                            : loaded 2 times (x 150B)
Class com.google.common.collect.AbstractMapBasedMultimap                              : loaded 2 times (x 140B)
Class com.google.common.collect.Iterators$9                                           : loaded 2 times (x 83B)
Class com.google.common.collect.ImmutableAsList                                       : loaded 2 times (x 211B)
Class com.google.common.util.concurrent.AbstractFuture                                : loaded 2 times (x 108B)
Class com.google.common.base.FunctionalEquivalence                                    : loaded 2 times (x 85B)
Class org.objectweb.asm.RecordComponentVisitor                                        : loaded 2 times (x 79B)
Class com.google.common.cache.CacheLoader$SupplierToCacheLoader                       : loaded 2 times (x 77B)
Class com.google.common.collect.Maps$EntryTransformer                                 : loaded 2 times (x 72B)
Class org.gradle.internal.service.ServiceLookupException                              : loaded 2 times (x 84B)
Class [Lcom.google.common.cache.LocalCache$EntryFactory;                              : loaded 2 times (x 71B)
Class ijJvmDebugger1_anom7uenyeb87foffq6ezbd1q$_run_closure1                          : loaded 2 times (x 140B)
Class org.gradle.internal.classloader.ClassLoaderFactory                              : loaded 2 times (x 72B)
Class com.google.common.base.CommonPattern                                            : loaded 2 times (x 76B)
Class com.google.common.base.CharMatcher$IsNot                                        : loaded 2 times (x 113B)
Class com.google.common.cache.LocalCache$LocalManualCache                             : loaded 2 times (x 101B)
Class org.gradle.internal.service.CachingServiceLocator                               : loaded 2 times (x 84B)
Class com.google.common.collect.AbstractMapBasedMultimap$KeySet                       : loaded 2 times (x 139B)
Class com.google.common.math.IntMath                                                  : loaded 2 times (x 73B)
Class com.google.common.collect.ImmutableMapEntry                                     : loaded 2 times (x 87B)
Class com.google.common.base.Equivalence                                              : loaded 2 times (x 84B)
Class com.google.common.base.Function                                                 : loaded 2 times (x 72B)
Class com.google.common.collect.ImmutableMapEntry$NonTerminalImmutableMapEntry        : loaded 2 times (x 87B)
Class com.google.common.collect.IndexedImmutableSet$1                                 : loaded 2 times (x 215B)
Class com.google.common.collect.RegularImmutableList                                  : loaded 2 times (x 215B)
Class com.google.common.cache.CacheBuilder$OneWeigher                                 : loaded 2 times (x 84B)
Class org.gradle.internal.classloader.ClasspathUtil                                   : loaded 2 times (x 73B)
Class com.google.common.util.concurrent.Uninterruptibles                              : loaded 2 times (x 73B)
Class com.google.common.util.concurrent.LazyLogger                                    : loaded 2 times (x 74B)
Class com.google.common.collect.Maps                                                  : loaded 2 times (x 73B)
Class org.gradle.api.specs.Spec                                                       : loaded 2 times (x 72B)
Class [Lcom.google.common.collect.ImmutableEntry;                                     : loaded 2 times (x 71B)
Class com.google.common.cache.LocalCache$LoadingValueReference                        : loaded 2 times (x 98B)
Class com.google.common.collect.AbstractMapBasedMultimap$AsMap                        : loaded 2 times (x 130B)
Class com.google.common.base.Platform                                                 : loaded 2 times (x 73B)
Class ijKotlinCoroutineJvmDebugInit1_5laluccbb89yf90asacw1e40i$_run_closure1          : loaded 2 times (x 140B)
Class com.google.common.collect.AbstractMapBasedMultimap$WrappedList                  : loaded 2 times (x 207B)
Class [Lorg.objectweb.asm.AnnotationWriter;                                           : loaded 2 times (x 71B)
Class com.google.common.collect.Maps$8                                                : loaded 2 times (x 84B)
Class com.google.common.collect.Sets$SetView                                          : loaded 2 times (x 141B)
Class com.google.common.cache.LocalCache$StrongValueReference                         : loaded 2 times (x 92B)
Class com.google.common.graph.SuccessorsFunction                                      : loaded 2 times (x 72B)
Class org.objectweb.asm.Type                                                          : loaded 2 times (x 74B)
Class ijJvmDebugger1_anom7uenyeb87foffq6ezbd1q$_run_closure1$_closure2                : loaded 2 times (x 141B)
Class org.gradle.internal.classloader.VisitableURLClassLoader$InstrumentingVisitableURLClassLoader: loaded 2 times (x 124B)
Class com.google.common.io.Files$FileByteSink                                         : loaded 2 times (x 79B)
Class com.google.common.math.IntMath$1                                                : loaded 2 times (x 73B)
Class org.objectweb.asm.ByteVector                                                    : loaded 2 times (x 81B)
Class [Lcom.google.common.cache.CacheBuilder$NullListener;                            : loaded 2 times (x 71B)
Class org.gradle.internal.classloader.VisitableURLClassLoader$Spec                    : loaded 2 times (x 76B)
Class org.gradle.internal.classpath.DefaultClassPath                                  : loaded 2 times (x 92B)
Class com.google.common.base.AbstractIterator                                         : loaded 2 times (x 82B)
Class org.objectweb.asm.Symbol                                                        : loaded 2 times (x 75B)
Class com.google.common.base.CharMatcher$BitSetMatcher                                : loaded 2 times (x 114B)
Class com.google.common.collect.RegularImmutableMap$Values                            : loaded 2 times (x 209B)
Class com.google.common.collect.ImmutableSet                                          : loaded 2 times (x 147B)
Class ijKotlinCoroutineJvmDebugInit1_5laluccbb89yf90asacw1e40i$_run_closure1$_closure2: loaded 2 times (x 140B)
Class org.gradle.internal.classloader.ClassLoaderSpec                                 : loaded 2 times (x 73B)
Class org.objectweb.asm.AnnotationWriter                                              : loaded 2 times (x 80B)
Class com.google.common.cache.CacheStats                                              : loaded 2 times (x 73B)
Class com.google.common.io.LineProcessor                                              : loaded 2 times (x 72B)
Class org.objectweb.asm.RecordComponentWriter                                         : loaded 2 times (x 79B)
Class com.google.common.util.concurrent.AbstractFuture$Listener                       : loaded 2 times (x 74B)
Class com.google.common.base.CharMatcher$Or                                           : loaded 2 times (x 114B)
Class Settings_gradle$1$1                                                             : loaded 2 times (x 76B)
Class org.gradle.api.internal.classpath.Module$ModuleAlias                            : loaded 2 times (x 72B)
Class org.objectweb.asm.Attribute                                                     : loaded 2 times (x 79B)
Class com.google.common.base.Supplier                                                 : loaded 2 times (x 72B)
Class org.gradle.internal.classloader.VisitableURLClassLoader                         : loaded 2 times (x 118B)
Class Settings_gradle                                                                 : loaded 2 times (x 126B)
Class org.gradle.internal.Cast                                                        : loaded 2 times (x 73B)
Class org.gradle.api.Action                                                           : loaded 2 times (x 72B)
Class com.google.common.base.Strings                                                  : loaded 2 times (x 73B)
Class com.google.common.collect.Sets                                                  : loaded 2 times (x 73B)
Class org.objectweb.asm.Handler                                                       : loaded 2 times (x 74B)
Class com.google.common.base.CharMatcher$FastMatcher                                  : loaded 2 times (x 113B)
Class com.google.common.base.Ticker                                                   : loaded 2 times (x 74B)
Class [Lcom.google.common.cache.LocalCache$Segment;                                   : loaded 2 times (x 71B)
Class com.google.common.base.Predicate                                                : loaded 2 times (x 72B)
Class [Lcom.google.common.cache.LocalCache$Strength;                                  : loaded 2 times (x 71B)
Class com.google.common.cache.CacheBuilder$1                                          : loaded 2 times (x 87B)
Class com.google.common.collect.ImmutableMap                                          : loaded 2 times (x 122B)
Class org.gradle.internal.classpath.DefaultClassPath$ImmutableUniqueList$Builder      : loaded 2 times (x 77B)
Class com.google.common.base.CharMatcher$NegatedFastMatcher                           : loaded 2 times (x 115B)
Class com.google.common.cache.LocalCache                                              : loaded 2 times (x 188B)
Class com.google.common.cache.CacheBuilder$2                                          : loaded 2 times (x 81B)
Class com.google.common.collect.ArrayListMultimap                                     : loaded 2 times (x 173B)
Class com.google.common.cache.CacheBuilder$3                                          : loaded 2 times (x 74B)
Class [Lcom.google.common.collect.AbstractMapEntry;                                   : loaded 2 times (x 71B)
Class com.google.common.collect.ImmutableEntry                                        : loaded 2 times (x 84B)
Class org.gradle.api.GradleException                                                  : loaded 2 times (x 84B)
Class com.google.common.collect.CollectPreconditions                                  : loaded 2 times (x 73B)
Class [Lcom.google.common.io.FileWriteMode;                                           : loaded 2 times (x 71B)
Class com.google.common.collect.SortedMapDifference                                   : loaded 2 times (x 72B)
Class com.google.common.io.Files                                                      : loaded 2 times (x 73B)
Class com.google.common.cache.LocalCache$WriteThroughEntry                            : loaded 2 times (x 81B)
Class com.google.common.cache.LocalCache$HashIterator                                 : loaded 2 times (x 88B)
Class com.google.common.cache.LocalCache$EntryFactory                                 : loaded 2 times (x 85B)
Class com.google.common.cache.LocalCache$AbstractReferenceEntry                       : loaded 2 times (x 109B)
Class org.gradle.internal.IoActions                                                   : loaded 2 times (x 73B)
Class org.objectweb.asm.SymbolTable                                                   : loaded 2 times (x 74B)
Class com.google.common.collect.ImmutableSet$RegularSetBuilderImpl                    : loaded 2 times (x 78B)
Class com.google.common.cache.CacheLoader$InvalidCacheLoadException                   : loaded 2 times (x 84B)
Class com.google.common.cache.LocalCache$StrongEntry                                  : loaded 2 times (x 110B)
Class com.google.common.util.concurrent.AbstractFuture$TrustedFuture                  : loaded 2 times (x 116B)
Class com.google.common.cache.LoadingCache                                            : loaded 2 times (x 72B)
Class org.objectweb.asm.MethodWriter                                                  : loaded 2 times (x 107B)
Class [Lcom.google.common.cache.Weigher;                                              : loaded 2 times (x 71B)
Class com.google.common.collect.RegularImmutableMap$BucketOverflowException           : loaded 2 times (x 84B)
Class com.google.common.collect.AbstractMapBasedMultimap$RandomAccessWrappedList      : loaded 2 times (x 207B)
Class com.google.common.collect.RegularImmutableBiMap                                 : loaded 2 times (x 150B)
Class com.google.common.base.CharMatcher$Negated                                      : loaded 2 times (x 115B)
Class com.google.common.base.CharMatcher$Is                                           : loaded 2 times (x 113B)
Class com.google.common.cache.LocalCache$ValueReference                               : loaded 2 times (x 72B)
Class ijKotlinCoroutineJvmDebugInit1_5laluccbb89yf90asacw1e40i                        : loaded 2 times (x 173B)
Class com.google.common.base.PatternCompiler                                          : loaded 2 times (x 72B)
Class com.google.common.util.concurrent.AbstractFuture$Failure                        : loaded 2 times (x 74B)
Class com.google.common.base.Equivalence$Equals                                       : loaded 2 times (x 84B)
Class com.google.common.collect.Hashing                                               : loaded 2 times (x 73B)
Class com.google.common.base.Preconditions                                            : loaded 2 times (x 73B)
Class com.google.common.io.CharSink                                                   : loaded 2 times (x 81B)
Class com.google.common.base.Joiner$1                                                 : loaded 2 times (x 83B)
Class org.objectweb.asm.Label                                                         : loaded 2 times (x 75B)
Class org.objectweb.asm.CurrentFrame                                                  : loaded 2 times (x 75B)
Class org.objectweb.asm.ClassTooLargeException                                        : loaded 2 times (x 84B)
Class com.google.common.collect.PeekingIterator                                       : loaded 2 times (x 72B)
Class com.google.common.base.CharMatcher                                              : loaded 2 times (x 113B)
Class com.google.common.collect.Table                                                 : loaded 2 times (x 72B)
Class com.google.common.collect.Maps$IteratorBasedAbstractMap                         : loaded 2 times (x 127B)
Class com.google.common.base.Joiner$2                                                 : loaded 2 times (x 82B)
Class org.objectweb.asm.Frame                                                         : loaded 2 times (x 75B)
Class org.objectweb.asm.MethodVisitor                                                 : loaded 2 times (x 107B)
Class com.google.common.base.CharMatcher$1                                            : loaded 2 times (x 115B)
Class com.google.common.base.CharMatcher$NamedFastMatcher                             : loaded 2 times (x 114B)
Class com.google.common.cache.LocalCache$EntryFactory$1                               : loaded 2 times (x 85B)
Class [Lcom.google.common.cache.RemovalListener;                                      : loaded 2 times (x 71B)
Class com.google.common.cache.LocalCache$EntryFactory$2                               : loaded 2 times (x 85B)
Class org.objectweb.asm.ModuleWriter                                                  : loaded 2 times (x 83B)
Class com.google.common.cache.LocalCache$EntryFactory$3                               : loaded 2 times (x 85B)
Class com.google.common.base.Ticker$1                                                 : loaded 2 times (x 74B)
Class com.google.common.collect.Maps$BiMapConverter                                   : loaded 2 times (x 92B)
Class com.google.common.collect.ImmutableMapEntrySet$RegularEntrySet                  : loaded 2 times (x 154B)
Class ijJvmDebugger1_anom7uenyeb87foffq6ezbd1q                                        : loaded 2 times (x 173B)
Class com.google.common.collect.ImmutableSet$Builder                                  : loaded 2 times (x 87B)
Class com.google.common.base.CharMatcher$InRange                                      : loaded 2 times (x 113B)
Class com.google.common.cache.LocalCache$EntryFactory$4                               : loaded 2 times (x 85B)
Class com.google.common.cache.LocalCache$EntryFactory$5                               : loaded 2 times (x 85B)
Class com.google.common.base.PairwiseEquivalence                                      : loaded 2 times (x 85B)
Class com.google.common.cache.LocalCache$EntryFactory$6                               : loaded 2 times (x 85B)
Class org.gradle.internal.installation.CurrentGradleInstallationLocator               : loaded 2 times (x 73B)
Class com.google.common.collect.Maps$KeySet                                           : loaded 2 times (x 139B)
Class com.google.common.collect.ImmutableSet$EmptySetBuilderImpl                      : loaded 2 times (x 78B)
Class com.google.common.cache.LocalCache$EntryFactory$7                               : loaded 2 times (x 85B)
Class com.google.common.collect.ImmutableList                                         : loaded 2 times (x 208B)
Class org.gradle.internal.service.DefaultServiceLocator                               : loaded 2 times (x 85B)
Class com.google.common.collect.Maps$EntrySet                                         : loaded 2 times (x 138B)
Class com.google.common.collect.ImmutableSet$SetBuilderImpl                           : loaded 2 times (x 78B)
Class com.google.common.cache.LocalCache$EntryFactory$8                               : loaded 2 times (x 85B)
Class org.gradle.internal.installation.CurrentGradleInstallation                      : loaded 2 times (x 75B)
Class com.google.common.collect.ImmutableList$SubList                                 : loaded 2 times (x 211B)
Class com.google.common.cache.CacheLoader$1                                           : loaded 2 times (x 77B)
Class org.gradle.util.internal.GUtil                                                  : loaded 2 times (x 73B)
Class com.google.common.io.ByteSource                                                 : loaded 2 times (x 86B)
Class com.google.common.cache.AbstractCache$StatsCounter                              : loaded 2 times (x 72B)
Class com.google.common.collect.Iterators$MergingIterator                             : loaded 2 times (x 83B)
Class com.google.common.collect.RegularImmutableSet                                   : loaded 2 times (x 150B)
Class org.gradle.internal.installation.GradleInstallation                             : loaded 2 times (x 77B)
Class com.google.common.base.Splitter$Strategy                                        : loaded 2 times (x 72B)
Class com.google.common.collect.Iterables                                             : loaded 2 times (x 73B)

---------------  S Y S T E M  ---------------

OS:
 Windows 11 , 64 bit Build 26100 (10.0.26100.9444)
OS uptime: 0 days 7:45 hours
Hyper-V role detected

CPU: total 8 (initial active 8) (8 cores per cpu, 2 threads per core) family 23 model 160 stepping 0 microcode 0x8a0000b, cx8, cmov, fxsr, ht, mmx, 3dnowpref, sse, sse2, sse3, ssse3, sse4a, sse4.1, sse4.2, popcnt, lzcnt, tsc, tscinvbit, avx, avx2, aes, clmul, bmi1, bmi2, adx, sha, fma, vzeroupper, clflush, clflushopt, clwb, hv, rdtscp, rdpid, f16c
Processor Information for the first 8 processors :
  Max Mhz: 2801, Current Mhz: 2483, Mhz Limit: 2801

Memory: 4k page, system-wide physical 5877M (116M free)
TotalPageFile size 24309M (AvailPageFile size 19M)
current process WorkingSet (physical memory assigned to process): 370M, peak: 372M
current process commit charge ("private bytes"): 542M, peak: 542M

vm_info: OpenJDK 64-Bit Server VM (25.0.3+-15898627-b508.16) for windows-amd64 JRE (25.0.3+-15898627-b508.16), built on 2026-07-20T17:54:23Z with MS VC++ 16.10 / 16.11 (VS2019)

END.
