#
# There is insufficient memory for the Java Runtime Environment to continue.
# Native memory allocation (malloc) failed to allocate 1514264 bytes. Error detail: Chunk::new
# Possible reasons:
#   The system is out of physical RAM or swap space
#   This process is running with CompressedOops enabled, and the Java Heap may be blocking the growth of the native heap
# Possible solutions:
#   Reduce memory load on the system
#   Increase physical memory or swap space
#   Check if swap backing store is full
#   Decrease Java heap size (-Xmx/-Xms)
#   Decrease number of Java threads
#   Decrease Java thread stack sizes (-Xss)
#   Set larger code cache with -XX:ReservedCodeCacheSize=
#   JVM is running with Unscaled Compressed Oops mode in which the Java heap is
#     placed in the first 4GB address space. The Java Heap base address is the
#     maximum limit for the native heap growth. Please use -XX:HeapBaseMinAddress
#     to set the Java Heap base and to place the Java Heap above 4GB virtual address.
# This output file may be truncated or incomplete.
#
#  Out of Memory Error (arena.cpp:186), pid=16928, tid=21856
#
# JRE version: OpenJDK Runtime Environment (25.0.3) (build 25.0.3+-15898627-b508.16)
# Java VM: OpenJDK 64-Bit Server VM (25.0.3+-15898627-b508.16, mixed mode, tiered, compressed oops, compressed class ptrs, g1 gc, windows-amd64)
# No core dump will be written. Minidumps are not enabled by default on client versions of Windows
#

---------------  S U M M A R Y ------------

Command Line: --add-opens=java.base/java.lang=ALL-UNNAMED --add-opens=java.base/java.lang.invoke=ALL-UNNAMED --add-opens=java.base/java.util=ALL-UNNAMED --add-opens=java.prefs/java.util.prefs=ALL-UNNAMED --add-exports=jdk.compiler/com.sun.tools.javac.api=ALL-UNNAMED --add-exports=jdk.compiler/com.sun.tools.javac.util=ALL-UNNAMED --add-opens=java.base/java.nio.charset=ALL-UNNAMED --add-opens=java.base/java.net=ALL-UNNAMED --add-opens=java.base/java.util.concurrent=ALL-UNNAMED --add-opens=java.base/java.util.concurrent.atomic=ALL-UNNAMED --add-opens=java.xml/javax.xml.namespace=ALL-UNNAMED --add-opens=java.base/java.time=ALL-UNNAMED --enable-native-access=ALL-UNNAMED -Xmx2048m -Dfile.encoding=UTF-8 -Duser.country=ZA -Duser.language=en -Duser.variant -javaagent:C:\Users\sendh\.gradle\wrapper\dists\gradle-9.6.0-bin\42k10rwplmzkhuboz9kdazi7s\gradle-9.6.0\lib\agents\gradle-instrumentation-agent-9.6.0.jar org.gradle.launcher.daemon.bootstrap.GradleDaemon 9.6.0

Host: AMD Ryzen 5 7520U with Radeon Graphics         , 8 cores, 5G,  Windows 11 , 64 bit Build 26100 (10.0.26100.9444)
Time: Wed Sep 16 21:22:57 2026 South Africa Standard Time elapsed time: 25.214380 seconds (0d 0h 0m 25s)

---------------  T H R E A D  ---------------

Current thread (0x0000027a7d008c00):  JavaThread "C2 CompilerThread0" daemon [_thread_in_native, id=21856, stack(0x00000095ba500000,0x00000095ba600000) (1024K)]


Current CompileTask:
C2:25215 10529       4       com.android.tools.r8.internal.b60::d (149 bytes)

Stack: [0x00000095ba500000,0x00000095ba600000]
Native frames: (J=compiled Java code, j=interpreted, Vv=VM code, C=native code)
V  [jvm.dll+0x7bf039]  (no source info available)
V  [jvm.dll+0x78912d]  (no source info available)
V  [jvm.dll+0xa0e615]  (no source info available)
V  [jvm.dll+0xa10c94]  (no source info available)
V  [jvm.dll+0xa11393]  (no source info available)
V  [jvm.dll+0x30a116]  (no source info available)
V  [jvm.dll+0x10eda9]  (no source info available)
V  [jvm.dll+0x10f0d2]  (no source info available)
V  [jvm.dll+0x1a9b77]  (no source info available)
V  [jvm.dll+0x3bf612]  (no source info available)
V  [jvm.dll+0x7c48b7]  (no source info available)
V  [jvm.dll+0x2ce466]  (no source info available)
V  [jvm.dll+0x2cd641]  (no source info available)
V  [jvm.dll+0x24334a]  (no source info available)
V  [jvm.dll+0x2dd025]  (no source info available)
V  [jvm.dll+0x2db226]  (no source info available)
V  [jvm.dll+0x49c12e]  (no source info available)
V  [jvm.dll+0x9ad738]  (no source info available)
V  [jvm.dll+0x7bd585]  (no source info available)
C  [ucrtbase.dll+0x2cd30]  (no source info available)
C  [KERNEL32.DLL+0x2cd87]  (no source info available)
C  [ntdll.dll+0xacaec]  (no source info available)

Lock stack of current Java thread (top to bottom):


---------------  P R O C E S S  ---------------

Threads class SMR info:
_java_thread_list=0x0000027a11f63ec0, length=63, elements={
0x0000027a6ff5ea40, 0x0000027a78aac060, 0x0000027a78acbdc0, 0x0000027a78acd650,
0x0000027a78ab2070, 0x0000027a78ab2830, 0x0000027a78ab0470, 0x0000027a78ae8d90,
0x0000027a7d008c00, 0x0000027a7d00d420, 0x0000027a7d4bba30, 0x0000027a7e51efc0,
0x0000027a0f30f7d0, 0x0000027a7d960a60, 0x0000027a7eea3610, 0x0000027a7eea1090,
0x0000027a7f1b3340, 0x0000027a7f603490, 0x0000027a7f607310, 0x0000027a7f603c60,
0x0000027a7f6082b0, 0x0000027a7f608a80, 0x0000027a7f609a20, 0x0000027a0fc45480,
0x0000027a0fc444e0, 0x0000027a0fc44cb0, 0x0000027a0fc43540, 0x0000027a0fc43d10,
0x0000027a0fc48360, 0x0000027a0fc49300, 0x0000027a0fc4a2a0, 0x0000027a0f0e2c80,
0x0000027a0f0e1ce0, 0x0000027a0f0e6330, 0x0000027a0f0e72d0, 0x0000027a0f0e8270,
0x0000027a1054e640, 0x0000027a105553a0, 0x0000027a105524c0, 0x0000027a10552c90,
0x0000027a0f0e4bc0, 0x0000027a10bb3920, 0x0000027a10bb40f0, 0x0000027a10bb19e0,
0x0000027a10bb2980, 0x0000027a10bb3150, 0x0000027a10bb6fd0, 0x0000027a10bb77a0,
0x0000027a10bb7f70, 0x0000027a0fe3ddf0, 0x0000027a0fe3c680, 0x0000027a0fe3ed90,
0x0000027a0fe3f560, 0x0000027a10fa2360, 0x0000027a7d43b390, 0x0000027a7d43abc0,
0x0000027a7d43daa0, 0x0000027a7d43e270, 0x0000027a7d4401b0, 0x0000027a7d43f210,
0x0000027a7fac1f10, 0x0000027a7fac1740, 0x0000027a7fac2eb0
}

Java Threads: ( => current thread )
  0x0000027a6ff5ea40 JavaThread "main"                              [_thread_blocked, id=2572, stack(0x00000095b9600000,0x00000095b9700000) (1024K)]
  0x0000027a78aac060 JavaThread "Common-Cleaner"             daemon [_thread_blocked, id=1988, stack(0x00000095b9e00000,0x00000095b9f00000) (1024K)]
  0x0000027a78acbdc0 JavaThread "Reference Handler"          daemon [_thread_blocked, id=21088, stack(0x00000095b9f00000,0x00000095ba000000) (1024K)]
  0x0000027a78acd650 JavaThread "Finalizer"                  daemon [_thread_blocked, id=13192, stack(0x00000095ba000000,0x00000095ba100000) (1024K)]
  0x0000027a78ab2070 JavaThread "Signal Dispatcher"          daemon [_thread_blocked, id=25512, stack(0x00000095ba100000,0x00000095ba200000) (1024K)]
  0x0000027a78ab2830 JavaThread "Attach Listener"            daemon [_thread_blocked, id=3512, stack(0x00000095ba200000,0x00000095ba300000) (1024K)]
  0x0000027a78ab0470 JavaThread "Service Thread"             daemon [_thread_blocked, id=10692, stack(0x00000095ba300000,0x00000095ba400000) (1024K)]
  0x0000027a78ae8d90 JavaThread "Monitor Deflation Thread"   daemon [_thread_blocked, id=14256, stack(0x00000095ba400000,0x00000095ba500000) (1024K)]
=>0x0000027a7d008c00 JavaThread "C2 CompilerThread0"         daemon [_thread_in_native, id=21856, stack(0x00000095ba500000,0x00000095ba600000) (1024K)]
  0x0000027a7d00d420 JavaThread "C1 CompilerThread0"         daemon [_thread_in_native, id=14704, stack(0x00000095ba600000,0x00000095ba700000) (1024K)]
  0x0000027a7d4bba30 JavaThread "Notification Thread"        daemon [_thread_blocked, id=16324, stack(0x00000095ba700000,0x00000095ba800000) (1024K)]
  0x0000027a7e51efc0 JavaThread "Daemon health stats"               [_thread_blocked, id=1008, stack(0x00000095bad00000,0x00000095bae00000) (1024K)]
  0x0000027a0f30f7d0 JavaThread "Incoming local TCP Connector on port 61617"        [_thread_in_native, id=30260, stack(0x00000095bae00000,0x00000095baf00000) (1024K)]
  0x0000027a7d960a60 JavaThread "Daemon periodic checks"            [_thread_blocked, id=6904, stack(0x00000095baf00000,0x00000095bb000000) (1024K)]
  0x0000027a7eea3610 JavaThread "Daemon"                            [_thread_blocked, id=22948, stack(0x00000095bb000000,0x00000095bb100000) (1024K)]
  0x0000027a7eea1090 JavaThread "Handler for socket connection from /127.0.0.1:61617 to /127.0.0.1:61618"        [_thread_in_native, id=29992, stack(0x00000095bb100000,0x00000095bb200000) (1024K)]
  0x0000027a7f1b3340 JavaThread "Cancel handler"                    [_thread_blocked, id=27872, stack(0x00000095bb500000,0x00000095bb600000) (1024K)]
  0x0000027a7f603490 JavaThread "Daemon worker"                     [_thread_blocked, id=5700, stack(0x00000095bb600000,0x00000095bb700000) (1024K)]
  0x0000027a7f607310 JavaThread "Asynchronous log dispatcher for DefaultDaemonConnection: socket connection from /127.0.0.1:61617 to /127.0.0.1:61618"        [_thread_blocked, id=30512, stack(0x00000095bb700000,0x00000095bb800000) (1024K)]
  0x0000027a7f603c60 JavaThread "Stdin handler"                     [_thread_blocked, id=10816, stack(0x00000095bb800000,0x00000095bb900000) (1024K)]
  0x0000027a7f6082b0 JavaThread "Daemon client event forwarder"        [_thread_blocked, id=20456, stack(0x00000095bb900000,0x00000095bba00000) (1024K)]
  0x0000027a7f608a80 JavaThread "Cache worker for journal cache (C:\Users\sendh\.gradle\caches\journal-1)"        [_thread_blocked, id=28988, stack(0x00000095bba00000,0x00000095bbb00000) (1024K)]
  0x0000027a7f609a20 JavaThread "File lock request listener"        [_thread_in_native, id=26136, stack(0x00000095bbb00000,0x00000095bbc00000) (1024K)]
  0x0000027a0fc45480 JavaThread "Cache worker for file hash cache (C:\Users\sendh\.gradle\caches\9.6.0\fileHashes)"        [_thread_blocked, id=15052, stack(0x00000095bbc00000,0x00000095bbd00000) (1024K)]
  0x0000027a0fc444e0 JavaThread "Cache worker for file hash cache (C:\Users\sendh\AndroidStudioProjects\SmartPantryManager2\.gradle\9.6.0\fileHashes)"        [_thread_blocked, id=30608, stack(0x00000095bbd00000,0x00000095bbe00000) (1024K)]
  0x0000027a0fc44cb0 JavaThread "Cache worker for checksums cache (C:\Users\sendh\AndroidStudioProjects\SmartPantryManager2\.gradle\9.6.0\checksums)"        [_thread_blocked, id=15988, stack(0x00000095bbe00000,0x00000095bbf00000) (1024K)]
  0x0000027a0fc43540 JavaThread "Cache worker for Build Output Cleanup Cache (C:\Users\sendh\AndroidStudioProjects\SmartPantryManager2\.gradle\buildOutputCleanup)"        [_thread_blocked, id=11720, stack(0x00000095bbf00000,0x00000095bc000000) (1024K)]
  0x0000027a0fc43d10 JavaThread "Cache worker for file content cache (C:\Users\sendh\.gradle\caches\9.6.0\fileContent)"        [_thread_blocked, id=19788, stack(0x00000095bc000000,0x00000095bc100000) (1024K)]
  0x0000027a0fc48360 JavaThread "File watcher server"        daemon [_thread_in_native, id=25452, stack(0x00000095bc100000,0x00000095bc200000) (1024K)]
  0x0000027a0fc49300 JavaThread "File watcher consumer"      daemon [_thread_blocked, id=27208, stack(0x00000095bc200000,0x00000095bc300000) (1024K)]
  0x0000027a0fc4a2a0 JavaThread "Cache worker for cache directory md-supplier (C:\Users\sendh\.gradle\caches\9.6.0\md-supplier)"        [_thread_blocked, id=26788, stack(0x00000095bc300000,0x00000095bc400000) (1024K)]
  0x0000027a0f0e2c80 JavaThread "Cache worker for cache directory md-rule (C:\Users\sendh\.gradle\caches\9.6.0\md-rule)"        [_thread_blocked, id=9468, stack(0x00000095bc400000,0x00000095bc500000) (1024K)]
  0x0000027a0f0e1ce0 JavaThread "build event listener"              [_thread_blocked, id=27360, stack(0x00000095bc600000,0x00000095bc700000) (1024K)]
  0x0000027a0f0e6330 JavaThread "build event listener"              [_thread_blocked, id=14568, stack(0x00000095bc700000,0x00000095bc800000) (1024K)]
  0x0000027a0f0e72d0 JavaThread "build event listener"              [_thread_blocked, id=22808, stack(0x00000095bc800000,0x00000095bc900000) (1024K)]
  0x0000027a0f0e8270 JavaThread "Build operations"                  [_thread_blocked, id=2040, stack(0x00000095bc900000,0x00000095bca00000) (1024K)]
  0x0000027a1054e640 JavaThread "Memory manager"                    [_thread_blocked, id=16516, stack(0x00000095bc500000,0x00000095bc600000) (1024K)]
  0x0000027a105553a0 JavaThread "included builds"                   [_thread_blocked, id=14532, stack(0x00000095bca00000,0x00000095bcb00000) (1024K)]
  0x0000027a105524c0 JavaThread "Execution worker"                  [_thread_in_native, id=13112, stack(0x00000095bcb00000,0x00000095bcc00000) (1024K)]
  0x0000027a10552c90 JavaThread "Execution worker Thread 2"         [_thread_in_native, id=25536, stack(0x00000095bcc00000,0x00000095bcd00000) (1024K)]
  0x0000027a0f0e4bc0 JavaThread "Execution worker Thread 3"         [_thread_in_Java, id=5640, stack(0x00000095bcd00000,0x00000095bce00000) (1024K)]
  0x0000027a10bb3920 JavaThread "Execution worker Thread 4"         [_thread_blocked, id=11652, stack(0x00000095bce00000,0x00000095bcf00000) (1024K)]
  0x0000027a10bb40f0 JavaThread "Execution worker Thread 5"         [_thread_blocked, id=27568, stack(0x00000095bcf00000,0x00000095bd000000) (1024K)]
  0x0000027a10bb19e0 JavaThread "Execution worker Thread 6"         [_thread_blocked, id=26424, stack(0x00000095bd000000,0x00000095bd100000) (1024K)]
  0x0000027a10bb2980 JavaThread "Execution worker Thread 7"         [_thread_in_Java, id=10552, stack(0x00000095bd100000,0x00000095bd200000) (1024K)]
  0x0000027a10bb3150 JavaThread "Cache worker for execution history cache (C:\Users\sendh\AndroidStudioProjects\SmartPantryManager2\.gradle\9.6.0\executionHistory)"        [_thread_blocked, id=30516, stack(0x00000095bd200000,0x00000095bd300000) (1024K)]
  0x0000027a10bb6fd0 JavaThread "Build operations Thread 3"         [_thread_blocked, id=24016, stack(0x00000095bd300000,0x00000095bd400000) (1024K)]
  0x0000027a10bb77a0 JavaThread "Build operations Thread 2"         [_thread_blocked, id=20992, stack(0x00000095bd400000,0x00000095bd500000) (1024K)]
  0x0000027a10bb7f70 JavaThread "Build operations Thread 4"         [_thread_blocked, id=23592, stack(0x00000095bd500000,0x00000095bd600000) (1024K)]
  0x0000027a0fe3ddf0 JavaThread "Build operations Thread 5"         [_thread_in_native, id=3944, stack(0x00000095bd600000,0x00000095bd700000) (1024K)]
  0x0000027a0fe3c680 JavaThread "Build operations Thread 6"         [_thread_blocked, id=6868, stack(0x00000095bd700000,0x00000095bd800000) (1024K)]
  0x0000027a0fe3ed90 JavaThread "Build operations Thread 7"         [_thread_in_vm, id=1972, stack(0x00000095bd800000,0x00000095bd900000) (1024K)]
  0x0000027a0fe3f560 JavaThread "Build operations Thread 8"         [_thread_blocked, id=31628, stack(0x00000095bd900000,0x00000095bda00000) (1024K)]
  0x0000027a10fa2360 JavaThread "pool-2-thread-1"                   [_thread_blocked, id=30404, stack(0x00000095bda00000,0x00000095bdb00000) (1024K)]
  0x0000027a7d43b390 JavaThread "WorkerExecutor Queue"              [_thread_blocked, id=11080, stack(0x00000095bdb00000,0x00000095bdc00000) (1024K)]
  0x0000027a7d43abc0 JavaThread "ForkJoinPool-1-worker-1"    daemon [_thread_in_Java, id=22536, stack(0x00000095bdc00000,0x00000095bdd00000) (1024K)]
  0x0000027a7d43daa0 JavaThread "ForkJoinPool-1-worker-2"    daemon [_thread_in_Java, id=7228, stack(0x00000095bdd00000,0x00000095bde00000) (1024K)]
  0x0000027a7d43e270 JavaThread "ForkJoinPool-1-worker-3"    daemon [_thread_in_Java, id=25720, stack(0x00000095bde00000,0x00000095bdf00000) (1024K)]
  0x0000027a7d4401b0 JavaThread "ForkJoinPool-1-worker-4"    daemon [_thread_in_Java, id=20156, stack(0x00000095bdf00000,0x00000095be000000) (1024K)]
  0x0000027a7d43f210 JavaThread "ForkJoinPool-1-worker-5"    daemon [_thread_in_vm, id=31156, stack(0x00000095be000000,0x00000095be100000) (1024K)]
  0x0000027a7fac1f10 JavaThread "ForkJoinPool-1-worker-6"    daemon [_thread_in_Java, id=30644, stack(0x00000095be100000,0x00000095be200000) (1024K)]
  0x0000027a7fac1740 JavaThread "ForkJoinPool-1-worker-7"    daemon [_thread_in_Java, id=11328, stack(0x00000095be200000,0x00000095be300000) (1024K)]
  0x0000027a7fac2eb0 JavaThread "ForkJoinPool-1-worker-8"    daemon [_thread_in_Java, id=17956, stack(0x00000095be300000,0x00000095be400000) (1024K)]
Total: 63

Other Threads:
  0x0000027a78a81f10 VMThread "VM Thread"                           [id=15536, stack(0x00000095b9d00000,0x00000095b9e00000) (1024K)]
  0x0000027a78a422b0 WatcherThread "VM Periodic Task Thread"        [id=22272, stack(0x00000095b9c00000,0x00000095b9d00000) (1024K)]
  0x0000027a6ffbb810 WorkerThread "GC Thread#0"                     [id=30376, stack(0x00000095b9700000,0x00000095b9800000) (1024K)]
  0x0000027a7e30ae70 WorkerThread "GC Thread#1"                     [id=27500, stack(0x00000095ba800000,0x00000095ba900000) (1024K)]
  0x0000027a7e495ba0 WorkerThread "GC Thread#2"                     [id=26044, stack(0x00000095ba900000,0x00000095baa00000) (1024K)]
  0x0000027a7e388ee0 WorkerThread "GC Thread#3"                     [id=24112, stack(0x00000095baa00000,0x00000095bab00000) (1024K)]
  0x0000027a7e38b320 WorkerThread "GC Thread#4"                     [id=31172, stack(0x00000095bab00000,0x00000095bac00000) (1024K)]
  0x0000027a7e38f5c0 WorkerThread "GC Thread#5"                     [id=28888, stack(0x00000095bac00000,0x00000095bad00000) (1024K)]
  0x0000027a7e38d340 WorkerThread "GC Thread#6"                     [id=17252, stack(0x00000095bb200000,0x00000095bb300000) (1024K)]
  0x0000027a7e38e030 WorkerThread "GC Thread#7"                     [id=16768, stack(0x00000095bb300000,0x00000095bb400000) (1024K)]
  0x0000027a6ffd5fd0 ConcurrentGCThread "G1 Main Marker"            [id=17908, stack(0x00000095b9800000,0x00000095b9900000) (1024K)]
  0x0000027a6ffd7310 WorkerThread "G1 Conc#0"                       [id=29844, stack(0x00000095b9900000,0x00000095b9a00000) (1024K)]
  0x0000027a7e38e480 WorkerThread "G1 Conc#1"                       [id=28136, stack(0x00000095bb400000,0x00000095bb500000) (1024K)]
  0x0000027a7001e550 ConcurrentGCThread "G1 Refine#0"               [id=9316, stack(0x00000095b9a00000,0x00000095b9b00000) (1024K)]
  0x0000027a789132f0 ConcurrentGCThread "G1 Service"                [id=31640, stack(0x00000095b9b00000,0x00000095b9c00000) (1024K)]
Total: 15

Threads with active compile tasks:
C2 CompilerThread0  25484 10529       4       com.android.tools.r8.internal.b60::d (149 bytes)
Total: 1

VM state: not at safepoint (normal execution)

VM Mutex/Monitor currently owned by a thread: None

Heap address: 0x0000000080000000, size: 2048 MB, Compressed Oops mode: 32-bit

CDS archive(s) not mapped
Compressed class space mapped at: 0x0000000013000000-0x0000000053000000, reserved size: 1073741824
UseCompressedClassPointers 1, UseCompactObjectHeaders 0
Narrow klass pointer bits 32, Max shift 3
Narrow klass base: 0x0000000000000000, Narrow klass shift: 0
Encoding Range: [0x0000000000000000 - 0x0000000100000000), (4294967296 bytes)
Klass Range:    [0x0000000013000000 - 0x0000000053000000), (1073741824 bytes)
Klass ID Range:  [318767104 - 1392508921) (1073741817)
No protection zone.

GC Precious Log:
 CardTable entry size: 512
 Card Set container configuration: InlinePtr #cards 5 size 8 Array Of Cards #cards 10 size 36 Howl #buckets 4 coarsen threshold 1843 Howl Bitmap #cards 512 size 80 coarsen threshold 460 Card regions per heap region 1 cards per card region 2048
 CPUs: 8 total, 8 available
 Memory: 5877M
 Large Page Support: Disabled
 NUMA Support: Disabled
 Compressed Oops: Enabled (32-bit)
 Heap Region Size: 1M
 Heap Min Capacity: 8M
 Heap Initial Capacity: 92M
 Heap Max Capacity: 2G
 Pre-touch: Disabled
 Parallel Workers: 8
 Concurrent Workers: 2
 Concurrent Refinement Workers: 8
 Periodic GC: Disabled

Heap:
 garbage-first heap   total reserved 2097152K, committed 194560K, used 154624K [0x0000000080000000, 0x0000000100000000)
  region size 1024K, 54 young (55296K), 6 survivors (6144K)

Heap Regions: E=young(eden), S=young(survivor), O=old, HS=humongous(starts), HC=humongous(continues), CS=collection set, F=free, TAMS=top-at-mark-start, PB=parsable bottom
|   0|0x0000000080000000, 0x0000000080100000, 0x0000000080100000|100%|HS|  |TAMS 0x0000000080000000| PB 0x0000000080000000| Complete |  0
|   1|0x0000000080100000, 0x0000000080200000, 0x0000000080200000|100%|HC|  |TAMS 0x0000000080100000| PB 0x0000000080100000| Complete |  0
|   2|0x0000000080200000, 0x0000000080300000, 0x0000000080300000|100%|HC|  |TAMS 0x0000000080200000| PB 0x0000000080200000| Complete |  0
|   3|0x0000000080300000, 0x0000000080400000, 0x0000000080400000|100%|HC|  |TAMS 0x0000000080300000| PB 0x0000000080300000| Complete |  0
|   4|0x0000000080400000, 0x0000000080500000, 0x0000000080500000|100%| O|  |TAMS 0x0000000080400000| PB 0x0000000080400000| Untracked |  0
|   5|0x0000000080500000, 0x0000000080500000, 0x0000000080600000|  0%| F|  |TAMS 0x0000000080500000| PB 0x0000000080500000| Untracked |  0
|   6|0x0000000080600000, 0x0000000080700000, 0x0000000080700000|100%| O|  |TAMS 0x0000000080600000| PB 0x0000000080600000| Untracked |  0
|   7|0x0000000080700000, 0x0000000080800000, 0x0000000080800000|100%|HS|  |TAMS 0x0000000080700000| PB 0x0000000080700000| Complete |  0
|   8|0x0000000080800000, 0x0000000080900000, 0x0000000080900000|100%| O|  |TAMS 0x0000000080800000| PB 0x0000000080800000| Untracked |  0
|   9|0x0000000080900000, 0x0000000080a00000, 0x0000000080a00000|100%| O|  |TAMS 0x0000000080900000| PB 0x0000000080900000| Untracked |  0
|  10|0x0000000080a00000, 0x0000000080b00000, 0x0000000080b00000|100%| O|  |TAMS 0x0000000080a00000| PB 0x0000000080a00000| Untracked |  0
|  11|0x0000000080b00000, 0x0000000080c00000, 0x0000000080c00000|100%| O|  |TAMS 0x0000000080b00000| PB 0x0000000080b00000| Untracked |  0
|  12|0x0000000080c00000, 0x0000000080d00000, 0x0000000080d00000|100%| O|  |TAMS 0x0000000080c00000| PB 0x0000000080c00000| Untracked |  0
|  13|0x0000000080d00000, 0x0000000080e00000, 0x0000000080e00000|100%| O|  |TAMS 0x0000000080d00000| PB 0x0000000080d00000| Untracked |  0
|  14|0x0000000080e00000, 0x0000000080f00000, 0x0000000080f00000|100%| O|  |TAMS 0x0000000080e00000| PB 0x0000000080e00000| Untracked |  0
|  15|0x0000000080f00000, 0x0000000081000000, 0x0000000081000000|100%| O|  |TAMS 0x0000000080f00000| PB 0x0000000080f00000| Untracked |  0
|  16|0x0000000081000000, 0x0000000081100000, 0x0000000081100000|100%| O|  |TAMS 0x0000000081000000| PB 0x0000000081000000| Untracked |  0
|  17|0x0000000081100000, 0x0000000081200000, 0x0000000081200000|100%| O|  |TAMS 0x0000000081100000| PB 0x0000000081100000| Untracked |  0
|  18|0x0000000081200000, 0x0000000081300000, 0x0000000081300000|100%| O|  |TAMS 0x0000000081200000| PB 0x0000000081200000| Untracked |  0
|  19|0x0000000081300000, 0x0000000081400000, 0x0000000081400000|100%| O|  |TAMS 0x0000000081300000| PB 0x0000000081300000| Untracked |  0
|  20|0x0000000081400000, 0x0000000081500000, 0x0000000081500000|100%| O|  |TAMS 0x0000000081400000| PB 0x0000000081400000| Untracked |  0
|  21|0x0000000081500000, 0x0000000081600000, 0x0000000081600000|100%|HS|  |TAMS 0x0000000081500000| PB 0x0000000081500000| Complete |  0
|  22|0x0000000081600000, 0x0000000081700000, 0x0000000081700000|100%| O|  |TAMS 0x0000000081600000| PB 0x0000000081600000| Untracked |  0
|  23|0x0000000081700000, 0x0000000081800000, 0x0000000081800000|100%| O|  |TAMS 0x0000000081700000| PB 0x0000000081700000| Untracked |  0
|  24|0x0000000081800000, 0x0000000081900000, 0x0000000081900000|100%| O|  |TAMS 0x0000000081800000| PB 0x0000000081800000| Untracked |  0
|  25|0x0000000081900000, 0x0000000081a00000, 0x0000000081a00000|100%| O|  |TAMS 0x0000000081900000| PB 0x0000000081900000| Untracked |  0
|  26|0x0000000081a00000, 0x0000000081b00000, 0x0000000081b00000|100%| O|  |TAMS 0x0000000081a00000| PB 0x0000000081a00000| Untracked |  0
|  27|0x0000000081b00000, 0x0000000081c00000, 0x0000000081c00000|100%| O|  |TAMS 0x0000000081b00000| PB 0x0000000081b00000| Untracked |  0
|  28|0x0000000081c00000, 0x0000000081d00000, 0x0000000081d00000|100%|HS|  |TAMS 0x0000000081c00000| PB 0x0000000081c00000| Complete |  0
|  29|0x0000000081d00000, 0x0000000081e00000, 0x0000000081e00000|100%|HS|  |TAMS 0x0000000081d00000| PB 0x0000000081d00000| Complete |  0
|  30|0x0000000081e00000, 0x0000000081f00000, 0x0000000081f00000|100%|HS|  |TAMS 0x0000000081e00000| PB 0x0000000081e00000| Complete |  0
|  31|0x0000000081f00000, 0x0000000082000000, 0x0000000082000000|100%|HC|  |TAMS 0x0000000081f00000| PB 0x0000000081f00000| Complete |  0
|  32|0x0000000082000000, 0x0000000082100000, 0x0000000082100000|100%|HS|  |TAMS 0x0000000082000000| PB 0x0000000082000000| Complete |  0
|  33|0x0000000082100000, 0x0000000082200000, 0x0000000082200000|100%|HS|  |TAMS 0x0000000082100000| PB 0x0000000082100000| Complete |  0
|  34|0x0000000082200000, 0x0000000082300000, 0x0000000082300000|100%| O|  |TAMS 0x0000000082200000| PB 0x0000000082200000| Untracked |  0
|  35|0x0000000082300000, 0x0000000082400000, 0x0000000082400000|100%| O|  |TAMS 0x0000000082300000| PB 0x0000000082300000| Untracked |  0
|  36|0x0000000082400000, 0x0000000082500000, 0x0000000082500000|100%| O|  |TAMS 0x0000000082400000| PB 0x0000000082400000| Untracked |  0
|  37|0x0000000082500000, 0x0000000082600000, 0x0000000082600000|100%|HS|  |TAMS 0x0000000082500000| PB 0x0000000082500000| Complete |  0
|  38|0x0000000082600000, 0x0000000082700000, 0x0000000082700000|100%|HC|  |TAMS 0x0000000082600000| PB 0x0000000082600000| Complete |  0
|  39|0x0000000082700000, 0x0000000082800000, 0x0000000082800000|100%| O|  |TAMS 0x0000000082700000| PB 0x0000000082700000| Untracked |  0
|  40|0x0000000082800000, 0x0000000082900000, 0x0000000082900000|100%| O|  |TAMS 0x0000000082800000| PB 0x0000000082800000| Untracked |  0
|  41|0x0000000082900000, 0x0000000082a00000, 0x0000000082a00000|100%| O|  |TAMS 0x0000000082900000| PB 0x0000000082900000| Untracked |  0
|  42|0x0000000082a00000, 0x0000000082b00000, 0x0000000082b00000|100%|HS|  |TAMS 0x0000000082a00000| PB 0x0000000082a00000| Complete |  0
|  43|0x0000000082b00000, 0x0000000082c00000, 0x0000000082c00000|100%|HS|  |TAMS 0x0000000082b00000| PB 0x0000000082b00000| Complete |  0
|  44|0x0000000082c00000, 0x0000000082d00000, 0x0000000082d00000|100%| O|  |TAMS 0x0000000082c00000| PB 0x0000000082c00000| Untracked |  0
|  45|0x0000000082d00000, 0x0000000082e00000, 0x0000000082e00000|100%| O|  |TAMS 0x0000000082d00000| PB 0x0000000082d00000| Untracked |  0
|  46|0x0000000082e00000, 0x0000000082f00000, 0x0000000082f00000|100%| O|  |TAMS 0x0000000082e00000| PB 0x0000000082e00000| Untracked |  0
|  47|0x0000000082f00000, 0x0000000083000000, 0x0000000083000000|100%| O|  |TAMS 0x0000000082f00000| PB 0x0000000082f00000| Untracked |  0
|  48|0x0000000083000000, 0x0000000083100000, 0x0000000083100000|100%| O|  |TAMS 0x0000000083000000| PB 0x0000000083000000| Untracked |  0
|  49|0x0000000083100000, 0x0000000083200000, 0x0000000083200000|100%| O|  |TAMS 0x0000000083100000| PB 0x0000000083100000| Untracked |  0
|  50|0x0000000083200000, 0x0000000083300000, 0x0000000083300000|100%|HS|  |TAMS 0x0000000083200000| PB 0x0000000083200000| Complete |  0
|  51|0x0000000083300000, 0x0000000083400000, 0x0000000083400000|100%| O|  |TAMS 0x0000000083300000| PB 0x0000000083300000| Untracked |  0
|  52|0x0000000083400000, 0x0000000083500000, 0x0000000083500000|100%| O|  |TAMS 0x0000000083400000| PB 0x0000000083400000| Untracked |  0
|  53|0x0000000083500000, 0x0000000083600000, 0x0000000083600000|100%| O|  |TAMS 0x0000000083500000| PB 0x0000000083500000| Untracked |  0
|  54|0x0000000083600000, 0x0000000083700000, 0x0000000083700000|100%| O|  |TAMS 0x0000000083600000| PB 0x0000000083600000| Untracked |  0
|  55|0x0000000083700000, 0x0000000083800000, 0x0000000083800000|100%| O|  |TAMS 0x0000000083700000| PB 0x0000000083700000| Untracked |  0
|  56|0x0000000083800000, 0x0000000083900000, 0x0000000083900000|100%| O|  |TAMS 0x0000000083800000| PB 0x0000000083800000| Untracked |  0
|  57|0x0000000083900000, 0x0000000083a00000, 0x0000000083a00000|100%| O|  |TAMS 0x0000000083900000| PB 0x0000000083900000| Untracked |  0
|  58|0x0000000083a00000, 0x0000000083b00000, 0x0000000083b00000|100%| O|  |TAMS 0x0000000083a00000| PB 0x0000000083a00000| Untracked |  0
|  59|0x0000000083b00000, 0x0000000083c00000, 0x0000000083c00000|100%| O|  |TAMS 0x0000000083b00000| PB 0x0000000083b00000| Untracked |  0
|  60|0x0000000083c00000, 0x0000000083d00000, 0x0000000083d00000|100%| O|  |TAMS 0x0000000083c00000| PB 0x0000000083c00000| Untracked |  0
|  61|0x0000000083d00000, 0x0000000083e00000, 0x0000000083e00000|100%|HS|  |TAMS 0x0000000083d00000| PB 0x0000000083d00000| Complete |  0
|  62|0x0000000083e00000, 0x0000000083f00000, 0x0000000083f00000|100%|HC|  |TAMS 0x0000000083e00000| PB 0x0000000083e00000| Complete |  0
|  63|0x0000000083f00000, 0x0000000084000000, 0x0000000084000000|100%| O|  |TAMS 0x0000000083f00000| PB 0x0000000083f00000| Untracked |  0
|  64|0x0000000084000000, 0x0000000084100000, 0x0000000084100000|100%| O|  |TAMS 0x0000000084000000| PB 0x0000000084000000| Untracked |  0
|  65|0x0000000084100000, 0x0000000084200000, 0x0000000084200000|100%| O|  |TAMS 0x0000000084100000| PB 0x0000000084100000| Untracked |  0
|  66|0x0000000084200000, 0x0000000084200000, 0x0000000084300000|  0%| F|  |TAMS 0x0000000084200000| PB 0x0000000084200000| Untracked |  0
|  67|0x0000000084300000, 0x0000000084300000, 0x0000000084400000|  0%| F|  |TAMS 0x0000000084300000| PB 0x0000000084300000| Untracked |  0
|  68|0x0000000084400000, 0x0000000084400000, 0x0000000084500000|  0%| F|  |TAMS 0x0000000084400000| PB 0x0000000084400000| Untracked |  0
|  69|0x0000000084500000, 0x0000000084600000, 0x0000000084600000|100%|HS|  |TAMS 0x0000000084500000| PB 0x0000000084500000| Complete |  0
|  70|0x0000000084600000, 0x0000000084600000, 0x0000000084700000|  0%| F|  |TAMS 0x0000000084600000| PB 0x0000000084600000| Untracked |  0
|  71|0x0000000084700000, 0x0000000084800000, 0x0000000084800000|100%| O|  |TAMS 0x0000000084700000| PB 0x0000000084700000| Untracked |  0
|  72|0x0000000084800000, 0x0000000084900000, 0x0000000084900000|100%| O|  |TAMS 0x0000000084800000| PB 0x0000000084800000| Untracked |  0
|  73|0x0000000084900000, 0x0000000084a00000, 0x0000000084a00000|100%| O|  |TAMS 0x0000000084900000| PB 0x0000000084900000| Untracked |  0
|  74|0x0000000084a00000, 0x0000000084b00000, 0x0000000084b00000|100%| O|  |TAMS 0x0000000084a00000| PB 0x0000000084a00000| Untracked |  0
|  75|0x0000000084b00000, 0x0000000084c00000, 0x0000000084c00000|100%| O|  |TAMS 0x0000000084b00000| PB 0x0000000084b00000| Untracked |  0
|  76|0x0000000084c00000, 0x0000000084d00000, 0x0000000084d00000|100%| O|  |TAMS 0x0000000084c00000| PB 0x0000000084c00000| Untracked |  0
|  77|0x0000000084d00000, 0x0000000084e00000, 0x0000000084e00000|100%| O|  |TAMS 0x0000000084d00000| PB 0x0000000084d00000| Untracked |  0
|  78|0x0000000084e00000, 0x0000000084f00000, 0x0000000084f00000|100%| O|  |TAMS 0x0000000084e00000| PB 0x0000000084e00000| Untracked |  0
|  79|0x0000000084f00000, 0x0000000085000000, 0x0000000085000000|100%| O|  |TAMS 0x0000000084f00000| PB 0x0000000084f00000| Untracked |  0
|  80|0x0000000085000000, 0x0000000085100000, 0x0000000085100000|100%| O|  |TAMS 0x0000000085000000| PB 0x0000000085000000| Untracked |  0
|  81|0x0000000085100000, 0x0000000085200000, 0x0000000085200000|100%| O|  |TAMS 0x0000000085100000| PB 0x0000000085100000| Untracked |  0
|  82|0x0000000085200000, 0x0000000085300000, 0x0000000085300000|100%| O|  |TAMS 0x0000000085200000| PB 0x0000000085200000| Untracked |  0
|  83|0x0000000085300000, 0x0000000085300000, 0x0000000085400000|  0%| F|  |TAMS 0x0000000085300000| PB 0x0000000085300000| Untracked |  0
|  84|0x0000000085400000, 0x0000000085400000, 0x0000000085500000|  0%| F|  |TAMS 0x0000000085400000| PB 0x0000000085400000| Untracked |  0
|  85|0x0000000085500000, 0x0000000085500000, 0x0000000085600000|  0%| F|  |TAMS 0x0000000085500000| PB 0x0000000085500000| Untracked |  0
|  86|0x0000000085600000, 0x0000000085600000, 0x0000000085700000|  0%| F|  |TAMS 0x0000000085600000| PB 0x0000000085600000| Untracked |  0
|  87|0x0000000085700000, 0x0000000085700000, 0x0000000085800000|  0%| F|  |TAMS 0x0000000085700000| PB 0x0000000085700000| Untracked |  0
|  88|0x0000000085800000, 0x0000000085800000, 0x0000000085900000|  0%| F|  |TAMS 0x0000000085800000| PB 0x0000000085800000| Untracked |  0
|  89|0x0000000085900000, 0x0000000085900000, 0x0000000085a00000|  0%| F|  |TAMS 0x0000000085900000| PB 0x0000000085900000| Untracked |  0
|  90|0x0000000085a00000, 0x0000000085a00000, 0x0000000085b00000|  0%| F|  |TAMS 0x0000000085a00000| PB 0x0000000085a00000| Untracked |  0
|  91|0x0000000085b00000, 0x0000000085b00000, 0x0000000085c00000|  0%| F|  |TAMS 0x0000000085b00000| PB 0x0000000085b00000| Untracked |  0
|  92|0x0000000085c00000, 0x0000000085d00000, 0x0000000085d00000|100%|HS|  |TAMS 0x0000000085c00000| PB 0x0000000085c00000| Complete |  0
|  93|0x0000000085d00000, 0x0000000085e00000, 0x0000000085e00000|100%|HC|  |TAMS 0x0000000085d00000| PB 0x0000000085d00000| Complete |  0
|  94|0x0000000085e00000, 0x0000000085f00000, 0x0000000085f00000|100%| S|CS|TAMS 0x0000000085e00000| PB 0x0000000085e00000| Complete |  0
|  95|0x0000000085f00000, 0x0000000086000000, 0x0000000086000000|100%| S|CS|TAMS 0x0000000085f00000| PB 0x0000000085f00000| Complete |  0
|  96|0x0000000086000000, 0x0000000086100000, 0x0000000086100000|100%| S|CS|TAMS 0x0000000086000000| PB 0x0000000086000000| Complete |  0
|  97|0x0000000086100000, 0x0000000086100000, 0x0000000086200000|  0%| F|  |TAMS 0x0000000086100000| PB 0x0000000086100000| Untracked |  0
|  98|0x0000000086200000, 0x0000000086200000, 0x0000000086300000|  0%| F|  |TAMS 0x0000000086200000| PB 0x0000000086200000| Untracked |  0
|  99|0x0000000086300000, 0x0000000086300000, 0x0000000086400000|  0%| F|  |TAMS 0x0000000086300000| PB 0x0000000086300000| Untracked |  0
| 100|0x0000000086400000, 0x0000000086400000, 0x0000000086500000|  0%| F|  |TAMS 0x0000000086400000| PB 0x0000000086400000| Untracked |  0
| 101|0x0000000086500000, 0x0000000086500000, 0x0000000086600000|  0%| F|  |TAMS 0x0000000086500000| PB 0x0000000086500000| Untracked |  0
| 102|0x0000000086600000, 0x0000000086600000, 0x0000000086700000|  0%| F|  |TAMS 0x0000000086600000| PB 0x0000000086600000| Untracked |  0
| 103|0x0000000086700000, 0x0000000086700000, 0x0000000086800000|  0%| F|  |TAMS 0x0000000086700000| PB 0x0000000086700000| Untracked |  0
| 104|0x0000000086800000, 0x0000000086800000, 0x0000000086900000|  0%| F|  |TAMS 0x0000000086800000| PB 0x0000000086800000| Untracked |  0
| 105|0x0000000086900000, 0x0000000086900000, 0x0000000086a00000|  0%| F|  |TAMS 0x0000000086900000| PB 0x0000000086900000| Untracked |  0
| 106|0x0000000086a00000, 0x0000000086a00000, 0x0000000086b00000|  0%| F|  |TAMS 0x0000000086a00000| PB 0x0000000086a00000| Untracked |  0
| 107|0x0000000086b00000, 0x0000000086b00000, 0x0000000086c00000|  0%| F|  |TAMS 0x0000000086b00000| PB 0x0000000086b00000| Untracked |  0
| 108|0x0000000086c00000, 0x0000000086c00000, 0x0000000086d00000|  0%| F|  |TAMS 0x0000000086c00000| PB 0x0000000086c00000| Untracked |  0
| 109|0x0000000086d00000, 0x0000000086d00000, 0x0000000086e00000|  0%| F|  |TAMS 0x0000000086d00000| PB 0x0000000086d00000| Untracked |  0
| 110|0x0000000086e00000, 0x0000000086e00000, 0x0000000086f00000|  0%| F|  |TAMS 0x0000000086e00000| PB 0x0000000086e00000| Untracked |  0
| 111|0x0000000086f00000, 0x0000000086f00000, 0x0000000087000000|  0%| F|  |TAMS 0x0000000086f00000| PB 0x0000000086f00000| Untracked |  0
| 112|0x0000000087000000, 0x0000000087000000, 0x0000000087100000|  0%| F|  |TAMS 0x0000000087000000| PB 0x0000000087000000| Untracked |  0
| 113|0x0000000087100000, 0x0000000087100000, 0x0000000087200000|  0%| F|  |TAMS 0x0000000087100000| PB 0x0000000087100000| Untracked |  0
| 114|0x0000000087200000, 0x0000000087200000, 0x0000000087300000|  0%| F|  |TAMS 0x0000000087200000| PB 0x0000000087200000| Untracked |  0
| 115|0x0000000087300000, 0x0000000087300000, 0x0000000087400000|  0%| F|  |TAMS 0x0000000087300000| PB 0x0000000087300000| Untracked |  0
| 116|0x0000000087400000, 0x0000000087400000, 0x0000000087500000|  0%| F|  |TAMS 0x0000000087400000| PB 0x0000000087400000| Untracked |  0
| 117|0x0000000087500000, 0x0000000087500000, 0x0000000087600000|  0%| F|  |TAMS 0x0000000087500000| PB 0x0000000087500000| Untracked |  0
| 118|0x0000000087600000, 0x0000000087600000, 0x0000000087700000|  0%| F|  |TAMS 0x0000000087600000| PB 0x0000000087600000| Untracked |  0
| 119|0x0000000087700000, 0x00000000877508d0, 0x0000000087800000| 31%| E|  |TAMS 0x0000000087700000| PB 0x0000000087700000| Complete |  0
| 120|0x0000000087800000, 0x0000000087900000, 0x0000000087900000|100%| E|CS|TAMS 0x0000000087800000| PB 0x0000000087800000| Complete |  0
| 121|0x0000000087900000, 0x0000000087a00000, 0x0000000087a00000|100%| E|CS|TAMS 0x0000000087900000| PB 0x0000000087900000| Complete |  0
| 122|0x0000000087a00000, 0x0000000087b00000, 0x0000000087b00000|100%| E|CS|TAMS 0x0000000087a00000| PB 0x0000000087a00000| Complete |  0
| 123|0x0000000087b00000, 0x0000000087c00000, 0x0000000087c00000|100%| E|CS|TAMS 0x0000000087b00000| PB 0x0000000087b00000| Complete |  0
| 124|0x0000000087c00000, 0x0000000087d00000, 0x0000000087d00000|100%| E|CS|TAMS 0x0000000087c00000| PB 0x0000000087c00000| Complete |  0
| 125|0x0000000087d00000, 0x0000000087e00000, 0x0000000087e00000|100%| E|CS|TAMS 0x0000000087d00000| PB 0x0000000087d00000| Complete |  0
| 126|0x0000000087e00000, 0x0000000087f00000, 0x0000000087f00000|100%| E|CS|TAMS 0x0000000087e00000| PB 0x0000000087e00000| Complete |  0
| 127|0x0000000087f00000, 0x0000000088000000, 0x0000000088000000|100%| E|CS|TAMS 0x0000000087f00000| PB 0x0000000087f00000| Complete |  0
| 128|0x0000000088000000, 0x0000000088100000, 0x0000000088100000|100%| E|CS|TAMS 0x0000000088000000| PB 0x0000000088000000| Complete |  0
| 129|0x0000000088100000, 0x0000000088200000, 0x0000000088200000|100%| E|CS|TAMS 0x0000000088100000| PB 0x0000000088100000| Complete |  0
| 130|0x0000000088200000, 0x0000000088300000, 0x0000000088300000|100%| E|CS|TAMS 0x0000000088200000| PB 0x0000000088200000| Complete |  0
| 131|0x0000000088300000, 0x0000000088400000, 0x0000000088400000|100%| E|CS|TAMS 0x0000000088300000| PB 0x0000000088300000| Complete |  0
| 132|0x0000000088400000, 0x0000000088500000, 0x0000000088500000|100%| E|CS|TAMS 0x0000000088400000| PB 0x0000000088400000| Complete |  0
| 133|0x0000000088500000, 0x0000000088600000, 0x0000000088600000|100%| S|CS|TAMS 0x0000000088500000| PB 0x0000000088500000| Complete |  0
| 134|0x0000000088600000, 0x0000000088700000, 0x0000000088700000|100%| S|CS|TAMS 0x0000000088600000| PB 0x0000000088600000| Complete |  0
| 135|0x0000000088700000, 0x0000000088800000, 0x0000000088800000|100%| S|CS|TAMS 0x0000000088700000| PB 0x0000000088700000| Complete |  0
| 136|0x0000000088800000, 0x0000000088900000, 0x0000000088900000|100%| E|CS|TAMS 0x0000000088800000| PB 0x0000000088800000| Complete |  0
| 137|0x0000000088900000, 0x0000000088a00000, 0x0000000088a00000|100%| E|CS|TAMS 0x0000000088900000| PB 0x0000000088900000| Complete |  0
| 138|0x0000000088a00000, 0x0000000088b00000, 0x0000000088b00000|100%| E|CS|TAMS 0x0000000088a00000| PB 0x0000000088a00000| Complete |  0
| 139|0x0000000088b00000, 0x0000000088c00000, 0x0000000088c00000|100%| E|CS|TAMS 0x0000000088b00000| PB 0x0000000088b00000| Complete |  0
| 140|0x0000000088c00000, 0x0000000088d00000, 0x0000000088d00000|100%| E|  |TAMS 0x0000000088c00000| PB 0x0000000088c00000| Complete |  0
| 141|0x0000000088d00000, 0x0000000088e00000, 0x0000000088e00000|100%| E|CS|TAMS 0x0000000088d00000| PB 0x0000000088d00000| Complete |  0
| 142|0x0000000088e00000, 0x0000000088f00000, 0x0000000088f00000|100%| E|CS|TAMS 0x0000000088e00000| PB 0x0000000088e00000| Complete |  0
| 143|0x0000000088f00000, 0x0000000089000000, 0x0000000089000000|100%| E|CS|TAMS 0x0000000088f00000| PB 0x0000000088f00000| Complete |  0
| 144|0x0000000089000000, 0x0000000089100000, 0x0000000089100000|100%| E|CS|TAMS 0x0000000089000000| PB 0x0000000089000000| Complete |  0
| 145|0x0000000089100000, 0x0000000089200000, 0x0000000089200000|100%| E|CS|TAMS 0x0000000089100000| PB 0x0000000089100000| Complete |  0
| 146|0x0000000089200000, 0x0000000089300000, 0x0000000089300000|100%| E|CS|TAMS 0x0000000089200000| PB 0x0000000089200000| Complete |  0
| 147|0x0000000089300000, 0x0000000089400000, 0x0000000089400000|100%| E|CS|TAMS 0x0000000089300000| PB 0x0000000089300000| Complete |  0
| 148|0x0000000089400000, 0x0000000089500000, 0x0000000089500000|100%| E|CS|TAMS 0x0000000089400000| PB 0x0000000089400000| Complete |  0
| 149|0x0000000089500000, 0x0000000089600000, 0x0000000089600000|100%| E|CS|TAMS 0x0000000089500000| PB 0x0000000089500000| Complete |  0
| 150|0x0000000089600000, 0x0000000089700000, 0x0000000089700000|100%| E|CS|TAMS 0x0000000089600000| PB 0x0000000089600000| Complete |  0
| 151|0x0000000089700000, 0x0000000089800000, 0x0000000089800000|100%| E|CS|TAMS 0x0000000089700000| PB 0x0000000089700000| Complete |  0
| 152|0x0000000089800000, 0x0000000089900000, 0x0000000089900000|100%| E|CS|TAMS 0x0000000089800000| PB 0x0000000089800000| Complete |  0
| 153|0x0000000089900000, 0x0000000089a00000, 0x0000000089a00000|100%| E|CS|TAMS 0x0000000089900000| PB 0x0000000089900000| Complete |  0
| 154|0x0000000089a00000, 0x0000000089b00000, 0x0000000089b00000|100%| E|CS|TAMS 0x0000000089a00000| PB 0x0000000089a00000| Complete |  0
| 155|0x0000000089b00000, 0x0000000089c00000, 0x0000000089c00000|100%| E|CS|TAMS 0x0000000089b00000| PB 0x0000000089b00000| Complete |  0
| 156|0x0000000089c00000, 0x0000000089d00000, 0x0000000089d00000|100%| E|CS|TAMS 0x0000000089c00000| PB 0x0000000089c00000| Complete |  0
| 157|0x0000000089d00000, 0x0000000089e00000, 0x0000000089e00000|100%| E|CS|TAMS 0x0000000089d00000| PB 0x0000000089d00000| Complete |  1
| 158|0x0000000089e00000, 0x0000000089f00000, 0x0000000089f00000|100%| E|CS|TAMS 0x0000000089e00000| PB 0x0000000089e00000| Complete |  0
| 159|0x0000000089f00000, 0x000000008a000000, 0x000000008a000000|100%| E|CS|TAMS 0x0000000089f00000| PB 0x0000000089f00000| Complete |  0
| 160|0x000000008a000000, 0x000000008a100000, 0x000000008a100000|100%| E|CS|TAMS 0x000000008a000000| PB 0x000000008a000000| Complete |  0
| 161|0x000000008a100000, 0x000000008a200000, 0x000000008a200000|100%| E|CS|TAMS 0x000000008a100000| PB 0x000000008a100000| Complete |  0
| 162|0x000000008a200000, 0x000000008a300000, 0x000000008a300000|100%| E|CS|TAMS 0x000000008a200000| PB 0x000000008a200000| Complete |  0
| 163|0x000000008a300000, 0x000000008a400000, 0x000000008a400000|100%| E|CS|TAMS 0x000000008a300000| PB 0x000000008a300000| Complete |  0
| 164|0x000000008a400000, 0x000000008a500000, 0x000000008a500000|100%| E|CS|TAMS 0x000000008a400000| PB 0x000000008a400000| Complete |  0
| 165|0x000000008a500000, 0x000000008a600000, 0x000000008a600000|100%| E|CS|TAMS 0x000000008a500000| PB 0x000000008a500000| Complete |  0
| 166|0x000000008a600000, 0x000000008a700000, 0x000000008a700000|100%| E|CS|TAMS 0x000000008a600000| PB 0x000000008a600000| Complete |  0
| 167|0x000000008a700000, 0x000000008a800000, 0x000000008a800000|100%| E|CS|TAMS 0x000000008a700000| PB 0x000000008a700000| Complete |  0
|2026|0x00000000fea00000, 0x00000000feb00000, 0x00000000feb00000|100%| O|  |TAMS 0x00000000fea00000| PB 0x00000000fea00000| Untracked |  0
|2027|0x00000000feb00000, 0x00000000fec00000, 0x00000000fec00000|100%| O|  |TAMS 0x00000000feb00000| PB 0x00000000feb00000| Untracked |  0
|2028|0x00000000fec00000, 0x00000000fed00000, 0x00000000fed00000|100%| O|  |TAMS 0x00000000fec00000| PB 0x00000000fec00000| Untracked |  0
|2029|0x00000000fed00000, 0x00000000fee00000, 0x00000000fee00000|100%| O|  |TAMS 0x00000000fed00000| PB 0x00000000fed00000| Untracked |  0
|2030|0x00000000fee00000, 0x00000000fef00000, 0x00000000fef00000|100%| O|  |TAMS 0x00000000fee00000| PB 0x00000000fee00000| Untracked |  0
|2031|0x00000000fef00000, 0x00000000ff000000, 0x00000000ff000000|100%| O|  |TAMS 0x00000000fef00000| PB 0x00000000fef00000| Untracked |  0
|2032|0x00000000ff000000, 0x00000000ff100000, 0x00000000ff100000|100%| O|  |TAMS 0x00000000ff000000| PB 0x00000000ff000000| Untracked |  0
|2033|0x00000000ff100000, 0x00000000ff200000, 0x00000000ff200000|100%| O|  |TAMS 0x00000000ff100000| PB 0x00000000ff100000| Untracked |  0
|2034|0x00000000ff200000, 0x00000000ff300000, 0x00000000ff300000|100%| O|  |TAMS 0x00000000ff200000| PB 0x00000000ff200000| Untracked |  0
|2035|0x00000000ff300000, 0x00000000ff400000, 0x00000000ff400000|100%| O|  |TAMS 0x00000000ff300000| PB 0x00000000ff300000| Untracked |  0
|2036|0x00000000ff400000, 0x00000000ff500000, 0x00000000ff500000|100%| O|  |TAMS 0x00000000ff400000| PB 0x00000000ff400000| Untracked |  0
|2037|0x00000000ff500000, 0x00000000ff600000, 0x00000000ff600000|100%| O|  |TAMS 0x00000000ff500000| PB 0x00000000ff500000| Untracked |  0
|2038|0x00000000ff600000, 0x00000000ff700000, 0x00000000ff700000|100%| O|  |TAMS 0x00000000ff600000| PB 0x00000000ff600000| Untracked |  0
|2039|0x00000000ff700000, 0x00000000ff800000, 0x00000000ff800000|100%| O|  |TAMS 0x00000000ff700000| PB 0x00000000ff700000| Untracked |  0
|2040|0x00000000ff800000, 0x00000000ff900000, 0x00000000ff900000|100%| O|  |TAMS 0x00000000ff800000| PB 0x00000000ff800000| Untracked |  0
|2041|0x00000000ff900000, 0x00000000ffa00000, 0x00000000ffa00000|100%| E|CS|TAMS 0x00000000ff900000| PB 0x00000000ff900000| Complete |  0
|2042|0x00000000ffa00000, 0x00000000ffb00000, 0x00000000ffb00000|100%| O|  |TAMS 0x00000000ffa00000| PB 0x00000000ffa00000| Untracked |  0
|2043|0x00000000ffb00000, 0x00000000ffc00000, 0x00000000ffc00000|100%| O|  |TAMS 0x00000000ffb00000| PB 0x00000000ffb00000| Untracked |  0
|2044|0x00000000ffc00000, 0x00000000ffd00000, 0x00000000ffd00000|100%| E|CS|TAMS 0x00000000ffc00000| PB 0x00000000ffc00000| Complete |  0
|2045|0x00000000ffd00000, 0x00000000ffe00000, 0x00000000ffe00000|100%| O|  |TAMS 0x00000000ffd00000| PB 0x00000000ffd00000| Untracked |  0
|2046|0x00000000ffe00000, 0x00000000fff00000, 0x00000000fff00000|100%| O|  |TAMS 0x00000000ffe00000| PB 0x00000000ffe00000| Untracked |  0
|2047|0x00000000fff00000, 0x0000000100000000, 0x0000000100000000|100%| E|CS|TAMS 0x00000000fff00000| PB 0x00000000fff00000| Complete |  0

Card table byte_map: [0x0000027a73c90000,0x0000027a74090000] _byte_map_base: 0x0000027a73890000

Marking Bits: (CMBitMap*) 0x0000027a6ffbc7b0
 Bits: [0x0000027a74090000, 0x0000027a76090000)

Polling page: 0x0000027a6dd80000

Metaspace:
Metaspace        used 86384K, committed 88128K, reserved 1179648K
 class space     used 12279K, committed 13120K, reserved 1048576K

Usage:
  Non-class:     72.37 MB used.
      Class:     11.99 MB used.
       Both:     84.36 MB used.

Virtual space:
  Non-class space:      128.00 MB reserved,      73.25 MB ( 57%) committed,  2 nodes.
      Class space:        1.00 GB reserved,      12.81 MB (  1%) committed,  1 nodes.
             Both:        1.12 GB reserved,      86.06 MB (  7%) committed. 

Chunk freelists:
   Non-Class:  6.35 MB
       Class:  3.16 MB
        Both:  9.50 MB

MaxMetaspaceSize: unlimited
CompressedClassSpaceSize: 1.00 GB
Initial GC threshold: 21.00 MB
Current GC threshold: 137.81 MB
CDS: off
 - commit_granule_bytes: 65536.
 - commit_granule_words: 8192.
 - virtual_space_node_default_size: 8388608.
 - enlarge_chunks_in_place: 1.
UseCompressedClassPointers 1, UseCompactObjectHeaders 0
Narrow klass pointer bits 32, Max shift 3
Narrow klass base: 0x0000000000000000, Narrow klass shift: 0
Encoding Range: [0x0000000000000000 - 0x0000000100000000), (4294967296 bytes)
Klass Range:    [0x0000000013000000 - 0x0000000053000000), (1073741824 bytes)
Klass ID Range:  [318767104 - 1392508921) (1073741817)
No protection zone.


Internal statistics:

num_allocs_failed_limit: 6.
num_arena_births: 3332.
num_arena_deaths: 4.
num_vsnodes_births: 3.
num_vsnodes_deaths: 0.
num_space_committed: 1376.
num_space_uncommitted: 0.
num_chunks_returned_to_freelist: 12.
num_chunks_taken_from_freelist: 6818.
num_chunk_merges: 6.
num_chunk_splits: 4438.
num_chunks_enlarged: 2773.
num_inconsistent_stats: 0.

CodeHeap 'non-profiled nmethods': size=120064Kb used=3152Kb max_used=3152Kb free=116911Kb
 bounds [0x0000027a07ae0000, 0x0000027a07e00000, 0x0000027a0f020000]
CodeHeap 'profiled nmethods': size=120064Kb used=13831Kb max_used=13831Kb free=106232Kb
 bounds [0x0000027a00000000, 0x0000027a00d90000, 0x0000027a07540000]
CodeHeap 'non-nmethods': size=5760Kb used=1953Kb max_used=2061Kb free=3806Kb
 bounds [0x0000027a07540000, 0x0000027a077b0000, 0x0000027a07ae0000]
CodeCache: size=245888Kb, used=18936Kb, max_used=19044Kb, free=226949Kb
 total_blobs=10127, nmethods=9309, adapters=719, full_count=0
Compilation: enabled, stopped_count=0, restarted_count=0

Compilation events (20 events):
Event: 25.050 Thread 0x0000027a7d00d420 nmethod 10426 0x0000027a07df2108 code [0x0000027a07df2200, 0x0000027a07df22c8]
Event: 25.050 Thread 0x0000027a7d00d420 10524       1       com.android.tools.r8.graph.b1::G (2 bytes)
Event: 25.050 Thread 0x0000027a7d00d420 nmethod 10524 0x0000027a07df2408 code [0x0000027a07df2500, 0x0000027a07df25c8]
Event: 25.050 Thread 0x0000027a7d00d420 10525       1       com.android.tools.r8.graph.n4::m0 (2 bytes)
Event: 25.050 Thread 0x0000027a7d00d420 nmethod 10525 0x0000027a07df2708 code [0x0000027a07df2800, 0x0000027a07df28c8]
Event: 25.050 Thread 0x0000027a7d00d420 10523       1       com.android.tools.r8.ProgramResource$ByteResource::getKind (5 bytes)
Event: 25.050 Thread 0x0000027a7d00d420 nmethod 10523 0x0000027a07df2a08 code [0x0000027a07df2b00, 0x0000027a07df2bc8]
Event: 25.050 Thread 0x0000027a7d00d420 10521       1       com.android.tools.r8.ProgramResource$ByteResource::getOrigin (5 bytes)
Event: 25.050 Thread 0x0000027a7d00d420 nmethod 10521 0x0000027a07df2d08 code [0x0000027a07df2e00, 0x0000027a07df2ec8]
Event: 25.050 Thread 0x0000027a7d00d420 10522       1       com.android.tools.r8.ProgramResource$ByteResource::getBytes (5 bytes)
Event: 25.050 Thread 0x0000027a7d00d420 nmethod 10522 0x0000027a07df3008 code [0x0000027a07df3100, 0x0000027a07df31c8]
Event: 25.052 Thread 0x0000027a7d00d420 10552       3       com.android.tools.r8.internal.q14::a (69 bytes)
Event: 25.053 Thread 0x0000027a7d00d420 nmethod 10552 0x0000027a00cf2208 code [0x0000027a00cf2300, 0x0000027a00cf2680]
Event: 25.053 Thread 0x0000027a7d00d420 10558       3       com.android.tools.r8.internal.q14::b (69 bytes)
Event: 25.053 Thread 0x0000027a7d00d420 nmethod 10558 0x0000027a00cf2708 code [0x0000027a00cf2800, 0x0000027a00cf2b80]
Event: 25.053 Thread 0x0000027a7d00d420 10550   !   3       com.android.tools.r8.graph.k6::c (53 bytes)
Event: 25.054 Thread 0x0000027a7d00d420 nmethod 10550 0x0000027a00cf2c08 code [0x0000027a00cf2d00, 0x0000027a00cf3340]
Event: 25.054 Thread 0x0000027a7d00d420 10559       3       com.android.tools.r8.internal.uw3::b (82 bytes)
Event: 25.055 Thread 0x0000027a7d00d420 nmethod 10559 0x0000027a00cf3388 code [0x0000027a00cf3480, 0x0000027a00cf3eb0]
Event: 25.055 Thread 0x0000027a7d00d420 10549       2       com.android.tools.r8.internal.tu::<init> (531 bytes)

GC Heap Usage History (20 events):
Event: 19.361 {heap Before GC invocations=25 (full 0):
 garbage-first heap   total reserved 2097152K, committed 104448K, used 96218K [0x0000000080000000, 0x0000000100000000)
  region size 1024K, 36 young (36864K), 4 survivors (4096K)
}
Event: 19.370 {heap After GC invocations=26 (full 0):
 garbage-first heap   total reserved 2097152K, committed 105472K, used 65029K [0x0000000080000000, 0x0000000100000000)
  region size 1024K, 5 young (5120K), 5 survivors (5120K)
}
Event: 19.514 {heap Before GC invocations=26 (full 0):
 garbage-first heap   total reserved 2097152K, committed 105472K, used 73221K [0x0000000080000000, 0x0000000100000000)
  region size 1024K, 15 young (15360K), 5 survivors (5120K)
}
Event: 19.521 {heap After GC invocations=27 (full 0):
 garbage-first heap   total reserved 2097152K, committed 105472K, used 65892K [0x0000000080000000, 0x0000000100000000)
  region size 1024K, 3 young (3072K), 3 survivors (3072K)
}
Event: 20.401 {heap Before GC invocations=28 (full 0):
 garbage-first heap   total reserved 2097152K, committed 112640K, used 101732K [0x0000000080000000, 0x0000000100000000)
  region size 1024K, 34 young (34816K), 3 survivors (3072K)
}
Event: 20.410 {heap After GC invocations=29 (full 0):
 garbage-first heap   total reserved 2097152K, committed 112640K, used 67676K [0x0000000080000000, 0x0000000100000000)
  region size 1024K, 3 young (3072K), 3 survivors (3072K)
}
Event: 21.001 {heap Before GC invocations=29 (full 0):
 garbage-first heap   total reserved 2097152K, committed 112640K, used 102492K [0x0000000080000000, 0x0000000100000000)
  region size 1024K, 38 young (38912K), 3 survivors (3072K)
}
Event: 21.011 {heap After GC invocations=30 (full 0):
 garbage-first heap   total reserved 2097152K, committed 135168K, used 68842K [0x0000000080000000, 0x0000000100000000)
  region size 1024K, 4 young (4096K), 4 survivors (4096K)
}
Event: 21.322 {heap Before GC invocations=30 (full 0):
 garbage-first heap   total reserved 2097152K, committed 135168K, used 87274K [0x0000000080000000, 0x0000000100000000)
  region size 1024K, 24 young (24576K), 4 survivors (4096K)
}
Event: 21.331 {heap After GC invocations=31 (full 0):
 garbage-first heap   total reserved 2097152K, committed 135168K, used 69186K [0x0000000080000000, 0x0000000100000000)
  region size 1024K, 5 young (5120K), 5 survivors (5120K)
}
Event: 22.171 {heap Before GC invocations=32 (full 0):
 garbage-first heap   total reserved 2097152K, committed 135168K, used 124482K [0x0000000080000000, 0x0000000100000000)
  region size 1024K, 58 young (59392K), 5 survivors (5120K)
}
Event: 22.179 {heap After GC invocations=33 (full 0):
 garbage-first heap   total reserved 2097152K, committed 135168K, used 74524K [0x0000000080000000, 0x0000000100000000)
  region size 1024K, 8 young (8192K), 8 survivors (8192K)
}
Event: 22.866 {heap Before GC invocations=33 (full 0):
 garbage-first heap   total reserved 2097152K, committed 135168K, used 123676K [0x0000000080000000, 0x0000000100000000)
  region size 1024K, 57 young (58368K), 8 survivors (8192K)
}
Event: 22.884 {heap After GC invocations=34 (full 0):
 garbage-first heap   total reserved 2097152K, committed 140288K, used 79470K [0x0000000080000000, 0x0000000100000000)
  region size 1024K, 8 young (8192K), 8 survivors (8192K)
}
Event: 24.048 {heap Before GC invocations=34 (full 0):
 garbage-first heap   total reserved 2097152K, committed 140288K, used 127598K [0x0000000080000000, 0x0000000100000000)
  region size 1024K, 56 young (57344K), 8 survivors (8192K)
}
Event: 24.061 {heap After GC invocations=35 (full 0):
 garbage-first heap   total reserved 2097152K, committed 145408K, used 87341K [0x0000000080000000, 0x0000000100000000)
  region size 1024K, 7 young (7168K), 7 survivors (7168K)
}
Event: 24.634 {heap Before GC invocations=36 (full 0):
 garbage-first heap   total reserved 2097152K, committed 147456K, used 131373K [0x0000000080000000, 0x0000000100000000)
  region size 1024K, 51 young (52224K), 7 survivors (7168K)
}
Event: 24.645 {heap After GC invocations=37 (full 0):
 garbage-first heap   total reserved 2097152K, committed 147456K, used 94837K [0x0000000080000000, 0x0000000100000000)
  region size 1024K, 7 young (7168K), 7 survivors (7168K)
}
Event: 24.988 {heap Before GC invocations=37 (full 0):
 garbage-first heap   total reserved 2097152K, committed 147456K, used 141941K [0x0000000080000000, 0x0000000100000000)
  region size 1024K, 45 young (46080K), 7 survivors (7168K)
}
Event: 25.019 {heap After GC invocations=38 (full 0):
 garbage-first heap   total reserved 2097152K, committed 194560K, used 107520K [0x0000000080000000, 0x0000000100000000)
  region size 1024K, 6 young (6144K), 6 survivors (6144K)
}

Metaspace Usage History (20 events):
Event: 19.361 {metaspace Before GC invocations=25 (full 0):
 Metaspace       used 70005K, committed 71744K, reserved 1114112K
  class space    used 10153K, committed 11008K, reserved 1048576K
}
Event: 19.370 {metaspace After GC invocations=26 (full 0):
 Metaspace       used 70005K, committed 71744K, reserved 1114112K
  class space    used 10153K, committed 11008K, reserved 1048576K
}
Event: 19.514 {metaspace Before GC invocations=26 (full 0):
 Metaspace       used 70876K, committed 72576K, reserved 1114112K
  class space    used 10326K, committed 11136K, reserved 1048576K
}
Event: 19.521 {metaspace After GC invocations=27 (full 0):
 Metaspace       used 70876K, committed 72576K, reserved 1114112K
  class space    used 10326K, committed 11136K, reserved 1048576K
}
Event: 20.401 {metaspace Before GC invocations=28 (full 0):
 Metaspace       used 73616K, committed 75328K, reserved 1114112K
  class space    used 10565K, committed 11392K, reserved 1048576K
}
Event: 20.410 {metaspace After GC invocations=29 (full 0):
 Metaspace       used 73616K, committed 75328K, reserved 1114112K
  class space    used 10565K, committed 11392K, reserved 1048576K
}
Event: 21.001 {metaspace Before GC invocations=29 (full 0):
 Metaspace       used 75157K, committed 76928K, reserved 1114112K
  class space    used 10762K, committed 11584K, reserved 1048576K
}
Event: 21.011 {metaspace After GC invocations=30 (full 0):
 Metaspace       used 75157K, committed 76928K, reserved 1114112K
  class space    used 10762K, committed 11584K, reserved 1048576K
}
Event: 21.322 {metaspace Before GC invocations=30 (full 0):
 Metaspace       used 76570K, committed 78272K, reserved 1179648K
  class space    used 10903K, committed 11712K, reserved 1048576K
}
Event: 21.331 {metaspace After GC invocations=31 (full 0):
 Metaspace       used 76570K, committed 78272K, reserved 1179648K
  class space    used 10903K, committed 11712K, reserved 1048576K
}
Event: 22.171 {metaspace Before GC invocations=32 (full 0):
 Metaspace       used 79647K, committed 81408K, reserved 1179648K
  class space    used 11337K, committed 12160K, reserved 1048576K
}
Event: 22.179 {metaspace After GC invocations=33 (full 0):
 Metaspace       used 79647K, committed 81408K, reserved 1179648K
  class space    used 11337K, committed 12160K, reserved 1048576K
}
Event: 22.866 {metaspace Before GC invocations=33 (full 0):
 Metaspace       used 81221K, committed 82944K, reserved 1179648K
  class space    used 11554K, committed 12352K, reserved 1048576K
}
Event: 22.884 {metaspace After GC invocations=34 (full 0):
 Metaspace       used 81221K, committed 82944K, reserved 1179648K
  class space    used 11554K, committed 12352K, reserved 1048576K
}
Event: 24.048 {metaspace Before GC invocations=34 (full 0):
 Metaspace       used 82762K, committed 84480K, reserved 1179648K
  class space    used 11751K, committed 12544K, reserved 1048576K
}
Event: 24.061 {metaspace After GC invocations=35 (full 0):
 Metaspace       used 82762K, committed 84480K, reserved 1179648K
  class space    used 11751K, committed 12544K, reserved 1048576K
}
Event: 24.634 {metaspace Before GC invocations=36 (full 0):
 Metaspace       used 85203K, committed 86912K, reserved 1179648K
  class space    used 12119K, committed 12928K, reserved 1048576K
}
Event: 24.646 {metaspace After GC invocations=37 (full 0):
 Metaspace       used 85203K, committed 86912K, reserved 1179648K
  class space    used 12119K, committed 12928K, reserved 1048576K
}
Event: 24.988 {metaspace Before GC invocations=37 (full 0):
 Metaspace       used 86154K, committed 87872K, reserved 1179648K
  class space    used 12258K, committed 13056K, reserved 1048576K
}
Event: 25.019 {metaspace After GC invocations=38 (full 0):
 Metaspace       used 86154K, committed 87872K, reserved 1179648K
  class space    used 12258K, committed 13056K, reserved 1048576K
}

Dll operation events (3 events):
Event: 0.037 Loaded shared library C:\Program Files\Android\Android Studio\jbr\bin\java.dll
Event: 0.055 Loaded shared library C:\Program Files\Android\Android Studio\jbr\bin\zip.dll
Event: 2.345 Loaded shared library C:\Program Files\Android\Android Studio\jbr\bin\verify.dll

Deoptimization events (20 events):
Event: 24.970 Thread 0x0000027a0fe3ddf0 DEOPT PACKING pc=0x0000027a07df0154 sp=0x00000095bd6f99b0
Event: 24.970 Thread 0x0000027a0fe3ddf0 DEOPT UNPACKING pc=0x0000027a07658582 sp=0x00000095bd6f9930 mode 2
Event: 24.970 Thread 0x0000027a0fe3ddf0 Uncommon trap: trap_request=0xffffffbe fr.pc=0x0000027a07df0154 relative=0x0000000000000454
Event: 24.970 Thread 0x0000027a0fe3ddf0 Uncommon trap: reason=profile_predicate action=maybe_recompile pc=0x0000027a07df0154 method=com.android.tools.r8.internal.b60.d(Ljava/lang/String;)I @ 40 c2
Event: 24.970 Thread 0x0000027a0fe3ddf0 DEOPT PACKING pc=0x0000027a07df0154 sp=0x00000095bd6f9c50
Event: 24.970 Thread 0x0000027a0fe3ddf0 DEOPT UNPACKING pc=0x0000027a07658582 sp=0x00000095bd6f9bd0 mode 2
Event: 24.971 Thread 0x0000027a0fe3ddf0 Uncommon trap: trap_request=0xffffffbe fr.pc=0x0000027a07df0154 relative=0x0000000000000454
Event: 24.971 Thread 0x0000027a0fe3ed90 Uncommon trap: trap_request=0xffffffbe fr.pc=0x0000027a07df0154 relative=0x0000000000000454
Event: 24.971 Thread 0x0000027a0fe3ddf0 Uncommon trap: reason=profile_predicate action=maybe_recompile pc=0x0000027a07df0154 method=com.android.tools.r8.internal.b60.d(Ljava/lang/String;)I @ 40 c2
Event: 24.971 Thread 0x0000027a0fe3ed90 Uncommon trap: reason=profile_predicate action=maybe_recompile pc=0x0000027a07df0154 method=com.android.tools.r8.internal.b60.d(Ljava/lang/String;)I @ 40 c2
Event: 24.971 Thread 0x0000027a0fe3ddf0 DEOPT PACKING pc=0x0000027a07df0154 sp=0x00000095bd6f99b0
Event: 24.971 Thread 0x0000027a0fe3ed90 DEOPT PACKING pc=0x0000027a07df0154 sp=0x00000095bd8f98a0
Event: 24.971 Thread 0x0000027a0fe3ddf0 DEOPT UNPACKING pc=0x0000027a07658582 sp=0x00000095bd6f9930 mode 2
Event: 24.971 Thread 0x0000027a0fe3ed90 DEOPT UNPACKING pc=0x0000027a07658582 sp=0x00000095bd8f9820 mode 2
Event: 24.973 Thread 0x0000027a7d43daa0 DEOPT PACKING pc=0x0000027a00bfc4a2 sp=0x00000095bddfe8b0
Event: 24.973 Thread 0x0000027a7d43daa0 DEOPT UNPACKING pc=0x0000027a07591702 sp=0x00000095bddfddd8 mode 0
Event: 24.974 Thread 0x0000027a7d43daa0 Uncommon trap: trap_request=0xffffff45 fr.pc=0x0000027a07b83df8 relative=0x0000000000000af8
Event: 24.974 Thread 0x0000027a7d43daa0 Uncommon trap: reason=unstable_if action=reinterpret pc=0x0000027a07b83df8 method=java.util.concurrent.ConcurrentHashMap.transfer([Ljava/util/concurrent/ConcurrentHashMap$Node;[Ljava/util/concurrent/ConcurrentHashMap$Node;)V @ 273 c2
Event: 24.974 Thread 0x0000027a7d43daa0 DEOPT PACKING pc=0x0000027a07b83df8 sp=0x00000095bddfe960
Event: 24.974 Thread 0x0000027a7d43daa0 DEOPT UNPACKING pc=0x0000027a07658582 sp=0x00000095bddfe8d8 mode 2

Classes loaded (20 events):
Event: 24.530 Loading class com/sun/org/apache/xerces/internal/impl/XMLEntityManager$EncodingInfo
Event: 24.532 Loading class com/sun/org/apache/xerces/internal/impl/XMLEntityManager$EncodingInfo done
Event: 24.532 Loading class com/sun/org/apache/xerces/internal/impl/io/UTF8Reader
Event: 24.534 Loading class com/sun/org/apache/xerces/internal/impl/io/UTF8Reader done
Event: 24.540 Loading class com/sun/org/apache/xerces/internal/dom/DeferredElementImpl
Event: 24.540 Loading class com/sun/org/apache/xerces/internal/dom/DeferredElementImpl done
Event: 24.540 Loading class com/sun/org/apache/xerces/internal/dom/DeferredAttrImpl
Event: 24.541 Loading class com/sun/org/apache/xerces/internal/dom/DeferredAttrImpl done
Event: 24.554 Loading class java/util/EnumMap$EntrySet
Event: 24.555 Loading class java/util/EnumMap$EntrySet done
Event: 24.555 Loading class java/util/EnumMap$EntryIterator
Event: 24.555 Loading class java/util/EnumMap$EnumMapIterator
Event: 24.555 Loading class java/util/EnumMap$EnumMapIterator done
Event: 24.555 Loading class java/util/EnumMap$EntryIterator done
Event: 24.571 Loading class java/util/EnumMap$EntryIterator$Entry
Event: 24.572 Loading class java/util/EnumMap$EntryIterator$Entry done
Event: 24.661 Loading class com/sun/org/apache/xerces/internal/dom/DeferredCommentImpl
Event: 24.661 Loading class com/sun/org/apache/xerces/internal/dom/DeferredCommentImpl done
Event: 25.021 Loading class java/nio/file/FileTreeWalker$1
Event: 25.048 Loading class java/nio/file/FileTreeWalker$1 done

Classes unloaded (2 events):
Event: 21.434 Thread 0x0000027a78a81f10 Unloading class 0x0000000013ad8400 'java/lang/invoke/LambdaForm$DMH+0x0000000013ad8400'
Event: 21.434 Thread 0x0000027a78a81f10 Unloading class 0x0000000013ac8000 'java/lang/invoke/LambdaForm$DMH+0x0000000013ac8000'

Classes redefined (0 events):
No events

Internal exceptions (20 events):
Event: 24.818 Thread 0x0000027a0fe3ddf0 Exception <a 'sun/nio/fs/WindowsException'{0x0000000087540d38}> (0x0000000087540d38) 
thrown [s\src\hotspot\share\prims\jni.cpp, line 535]
Event: 24.821 Thread 0x0000027a7d43daa0 Exception <a 'sun/nio/fs/WindowsException'{0x000000008794ebf8}> (0x000000008794ebf8) 
thrown [s\src\hotspot\share\prims\jni.cpp, line 535]
Event: 24.841 Thread 0x0000027a7d43daa0 Exception <a 'sun/nio/fs/WindowsException'{0x00000000874e33f0}> (0x00000000874e33f0) 
thrown [s\src\hotspot\share\prims\jni.cpp, line 535]
Event: 24.841 Thread 0x0000027a0fe3ddf0 Exception <a 'sun/nio/fs/WindowsException'{0x000000008732f9c8}> (0x000000008732f9c8) 
thrown [s\src\hotspot\share\prims\jni.cpp, line 535]
Event: 24.843 Thread 0x0000027a7d43daa0 Exception <a 'sun/nio/fs/WindowsException'{0x00000000873443e8}> (0x00000000873443e8) 
thrown [s\src\hotspot\share\prims\jni.cpp, line 535]
Event: 24.846 Thread 0x0000027a7d43daa0 Exception <a 'sun/nio/fs/WindowsException'{0x0000000087358468}> (0x0000000087358468) 
thrown [s\src\hotspot\share\prims\jni.cpp, line 535]
Event: 24.847 Thread 0x0000027a7d43daa0 Exception <a 'sun/nio/fs/WindowsException'{0x00000000873a3c38}> (0x00000000873a3c38) 
thrown [s\src\hotspot\share\prims\jni.cpp, line 535]
Event: 24.849 Thread 0x0000027a7d43daa0 Exception <a 'sun/nio/fs/WindowsException'{0x00000000873aa0d8}> (0x00000000873aa0d8) 
thrown [s\src\hotspot\share\prims\jni.cpp, line 535]
Event: 24.854 Thread 0x0000027a7fac1740 Exception <a 'sun/nio/fs/WindowsException'{0x00000000873ff208}> (0x00000000873ff208) 
thrown [s\src\hotspot\share\prims\jni.cpp, line 535]
Event: 24.855 Thread 0x0000027a0f0e4bc0 Exception <a 'sun/nio/fs/WindowsException'{0x0000000087210720}> (0x0000000087210720) 
thrown [s\src\hotspot\share\prims\jni.cpp, line 535]
Event: 24.859 Thread 0x0000027a0f0e4bc0 Exception <a 'sun/nio/fs/WindowsException'{0x000000008721b7e0}> (0x000000008721b7e0) 
thrown [s\src\hotspot\share\prims\jni.cpp, line 535]
Event: 24.860 Thread 0x0000027a7fac1740 Exception <a 'sun/nio/fs/WindowsException'{0x00000000872ba358}> (0x00000000872ba358) 
thrown [s\src\hotspot\share\prims\jni.cpp, line 535]
Event: 24.863 Thread 0x0000027a0f0e4bc0 Exception <a 'sun/nio/fs/WindowsException'{0x00000000872ed290}> (0x00000000872ed290) 
thrown [s\src\hotspot\share\prims\jni.cpp, line 535]
Event: 24.865 Thread 0x0000027a0f0e4bc0 Exception <a 'sun/nio/fs/WindowsException'{0x00000000872f8930}> (0x00000000872f8930) 
thrown [s\src\hotspot\share\prims\jni.cpp, line 535]
Event: 24.865 Thread 0x0000027a7fac1f10 Exception <a 'sun/nio/fs/WindowsException'{0x000000008712de68}> (0x000000008712de68) 
thrown [s\src\hotspot\share\prims\jni.cpp, line 535]
Event: 24.867 Thread 0x0000027a7fac1f10 Exception <a 'sun/nio/fs/WindowsException'{0x00000000871b4cd0}> (0x00000000871b4cd0) 
thrown [s\src\hotspot\share\prims\jni.cpp, line 535]
Event: 24.870 Thread 0x0000027a7fac1f10 Exception <a 'sun/nio/fs/WindowsException'{0x00000000871cbeb8}> (0x00000000871cbeb8) 
thrown [s\src\hotspot\share\prims\jni.cpp, line 535]
Event: 24.872 Thread 0x0000027a7fac1f10 Exception <a 'sun/nio/fs/WindowsException'{0x00000000871f37f0}> (0x00000000871f37f0) 
thrown [s\src\hotspot\share\prims\jni.cpp, line 535]
Event: 24.879 Thread 0x0000027a0f0e4bc0 Exception <a 'sun/nio/fs/WindowsException'{0x0000000087034700}> (0x0000000087034700) 
thrown [s\src\hotspot\share\prims\jni.cpp, line 535]
Event: 24.907 Thread 0x0000027a7fac1740 Exception <a 'sun/nio/fs/WindowsException'{0x0000000086cd4f90}> (0x0000000086cd4f90) 
thrown [s\src\hotspot\share\prims\jni.cpp, line 535]

VM Operations (20 events):
Event: 24.047 Executing safepoint VM operation: G1CollectForAllocation (G1 Evacuation Pause)
Event: 24.061 Executing safepoint VM operation: G1CollectForAllocation (G1 Evacuation Pause) done
Event: 24.154 Executing safepoint VM operation: G1PauseRemark
Event: 24.162 Executing safepoint VM operation: G1PauseRemark done
Event: 24.197 Executing safepoint VM operation: G1PauseCleanup
Event: 24.197 Executing safepoint VM operation: G1PauseCleanup done
Event: 24.234 Executing non-safepoint VM operation: HandshakeAllThreads (Deoptimize)
Event: 24.234 Executing non-safepoint VM operation: HandshakeAllThreads (Deoptimize) done
Event: 24.406 Executing non-safepoint VM operation: HandshakeAllThreads (Deoptimize)
Event: 24.406 Executing non-safepoint VM operation: HandshakeAllThreads (Deoptimize) done
Event: 24.519 Executing non-safepoint VM operation: HandshakeAllThreads (Deoptimize)
Event: 24.520 Executing non-safepoint VM operation: HandshakeAllThreads (Deoptimize) done
Event: 24.631 Executing non-safepoint VM operation: HandshakeAllThreads (Deoptimize)
Event: 24.631 Executing non-safepoint VM operation: HandshakeAllThreads (Deoptimize) done
Event: 24.634 Executing safepoint VM operation: G1CollectForAllocation (G1 Evacuation Pause)
Event: 24.646 Executing safepoint VM operation: G1CollectForAllocation (G1 Evacuation Pause) done
Event: 24.923 Executing non-safepoint VM operation: HandshakeAllThreads (Deoptimize)
Event: 24.988 Executing non-safepoint VM operation: HandshakeAllThreads (Deoptimize) done
Event: 24.988 Executing safepoint VM operation: G1CollectForAllocation (G1 Evacuation Pause)
Event: 25.019 Executing safepoint VM operation: G1CollectForAllocation (G1 Evacuation Pause) done

Memory protections (0 events):
No events

Nmethod flushes (20 events):
Event: 24.160 Thread 0x0000027a78a81f10 flushing  nmethod 0x0000027a0048d808
Event: 24.160 Thread 0x0000027a78a81f10 flushing  nmethod 0x0000027a00496888
Event: 24.160 Thread 0x0000027a78a81f10 flushing  nmethod 0x0000027a0051fa08
Event: 24.160 Thread 0x0000027a78a81f10 flushing  nmethod 0x0000027a00578388
Event: 24.160 Thread 0x0000027a78a81f10 flushing  nmethod 0x0000027a00599608
Event: 24.160 Thread 0x0000027a78a81f10 flushing  nmethod 0x0000027a00599c08
Event: 24.160 Thread 0x0000027a78a81f10 flushing  nmethod 0x0000027a00599f08
Event: 24.160 Thread 0x0000027a78a81f10 flushing  nmethod 0x0000027a0059ad88
Event: 24.160 Thread 0x0000027a78a81f10 flushing  nmethod 0x0000027a0059b088
Event: 24.160 Thread 0x0000027a78a81f10 flushing  nmethod 0x0000027a0059b488
Event: 24.160 Thread 0x0000027a78a81f10 flushing  nmethod 0x0000027a0080fa08
Event: 24.160 Thread 0x0000027a78a81f10 flushing  nmethod 0x0000027a0092d188
Event: 24.160 Thread 0x0000027a78a81f10 flushing  nmethod 0x0000027a0092d588
Event: 24.160 Thread 0x0000027a78a81f10 flushing  nmethod 0x0000027a0092d888
Event: 24.160 Thread 0x0000027a78a81f10 flushing  nmethod 0x0000027a0092e188
Event: 24.160 Thread 0x0000027a78a81f10 flushing  nmethod 0x0000027a0092e988
Event: 24.160 Thread 0x0000027a78a81f10 flushing  nmethod 0x0000027a0094df08
Event: 24.160 Thread 0x0000027a78a81f10 flushing  nmethod 0x0000027a00959b88
Event: 24.160 Thread 0x0000027a78a81f10 flushing  nmethod 0x0000027a009ceb88
Event: 24.160 Thread 0x0000027a78a81f10 flushing  nmethod 0x0000027a00a77108

Events (20 events):
Event: 18.974 Thread 0x0000027a105553a0 Thread added: 0x0000027a10bb19e0
Event: 18.975 Thread 0x0000027a105553a0 Thread added: 0x0000027a10bb2980
Event: 19.037 Thread 0x0000027a105553a0 Thread added: 0x0000027a10bb3150
Event: 19.441 Thread 0x0000027a0f0e4bc0 Thread added: 0x0000027a10bb6fd0
Event: 19.441 Thread 0x0000027a105553a0 Thread added: 0x0000027a10bb77a0
Event: 19.443 Thread 0x0000027a10bb19e0 Thread added: 0x0000027a10bb7f70
Event: 19.472 Thread 0x0000027a0f0e4bc0 Thread added: 0x0000027a0fe3ddf0
Event: 19.473 Thread 0x0000027a105553a0 Thread added: 0x0000027a0fe3c680
Event: 19.474 Thread 0x0000027a0f0e4bc0 Thread added: 0x0000027a0fe3ed90
Event: 19.475 Thread 0x0000027a105553a0 Thread added: 0x0000027a0fe3f560
Event: 20.686 Thread 0x0000027a0f0e72d0 Thread added: 0x0000027a10fa2360
Event: 23.647 Thread 0x0000027a105524c0 Thread added: 0x0000027a7d43b390
Event: 24.379 Thread 0x0000027a10552c90 Thread added: 0x0000027a7d43abc0
Event: 24.380 Thread 0x0000027a10552c90 Thread added: 0x0000027a7d43daa0
Event: 24.383 Thread 0x0000027a7d43daa0 Thread added: 0x0000027a7d43e270
Event: 24.384 Thread 0x0000027a7d43e270 Thread added: 0x0000027a7d4401b0
Event: 24.388 Thread 0x0000027a7d43abc0 Thread added: 0x0000027a7d43f210
Event: 24.388 Thread 0x0000027a7d4401b0 Thread added: 0x0000027a7fac1f10
Event: 24.389 Thread 0x0000027a7d43f210 Thread added: 0x0000027a7fac1740
Event: 24.389 Thread 0x0000027a7fac1f10 Thread added: 0x0000027a7fac2eb0


Dynamic libraries:
0x00007ff6497c0000 - 0x00007ff6497ca000 	C:\Program Files\Android\Android Studio\jbr\bin\java.exe
0x00007ffb42e80000 - 0x00007ffb430e7000 	C:\Windows\SYSTEM32\ntdll.dll
0x00007ffb42940000 - 0x00007ffb42a0b000 	C:\Windows\System32\KERNEL32.DLL
0x00007ffb40080000 - 0x00007ffb40482000 	C:\Windows\System32\KERNELBASE.dll
0x00007ffb40670000 - 0x00007ffb407bc000 	C:\Windows\System32\ucrtbase.dll
0x00007ffb39490000 - 0x00007ffb394a6000 	C:\Program Files\Android\Android Studio\jbr\bin\jli.dll
0x00007ffb3a7c0000 - 0x00007ffb3a7db000 	C:\Program Files\Android\Android Studio\jbr\bin\VCRUNTIME140.dll
0x00007ffb42540000 - 0x00007ffb4270f000 	C:\Windows\System32\USER32.dll
0x00007ffb40890000 - 0x00007ffb408b7000 	C:\Windows\System32\win32u.dll
0x00007ffb42510000 - 0x00007ffb4253b000 	C:\Windows\System32\GDI32.dll
0x00007ffb21cc0000 - 0x00007ffb21f50000 	C:\Windows\WinSxS\amd64_microsoft.windows.common-controls_6595b64144ccf1df_6.0.26100.9278_none_3e0d1ba8e3303201\COMCTL32.dll
0x00007ffb40540000 - 0x00007ffb40669000 	C:\Windows\System32\gdi32full.dll
0x00007ffb40ef0000 - 0x00007ffb40f99000 	C:\Windows\System32\msvcrt.dll
0x00007ffb40490000 - 0x00007ffb40533000 	C:\Windows\System32\msvcp_win.dll
0x00007ffb40d10000 - 0x00007ffb40d41000 	C:\Windows\System32\IMM32.DLL
0x00007ffb3c890000 - 0x00007ffb3c89c000 	C:\Program Files\Android\Android Studio\jbr\bin\vcruntime140_1.dll
0x00007ffb241b0000 - 0x00007ffb2423d000 	C:\Program Files\Android\Android Studio\jbr\bin\msvcp140.dll
0x00007ffa6a410000 - 0x00007ffa6b2ed000 	C:\Program Files\Android\Android Studio\jbr\bin\server\jvm.dll
0x00007ffb41870000 - 0x00007ffb4192c000 	C:\Windows\System32\ADVAPI32.dll
0x00007ffb42aa0000 - 0x00007ffb42b49000 	C:\Windows\System32\sechost.dll
0x00007ffb42820000 - 0x00007ffb42938000 	C:\Windows\System32\RPCRT4.dll
0x00007ffb42bc0000 - 0x00007ffb42c40000 	C:\Windows\System32\WS2_32.dll
0x00007ffb3fee0000 - 0x00007ffb3ff3e000 	C:\Windows\SYSTEM32\POWRPROF.dll
0x00007ffb37af0000 - 0x00007ffb37afb000 	C:\Windows\SYSTEM32\VERSION.dll
0x00007ffb33650000 - 0x00007ffb33686000 	C:\Windows\SYSTEM32\WINMM.dll
0x00007ffb3fec0000 - 0x00007ffb3fed5000 	C:\Windows\SYSTEM32\UMPDC.dll
0x00007ffb3ed50000 - 0x00007ffb3ed6b000 	C:\Windows\SYSTEM32\kernel.appcore.dll
0x00007ffb3a830000 - 0x00007ffb3a83a000 	C:\Program Files\Android\Android Studio\jbr\bin\jimage.dll
0x00007ffb3d670000 - 0x00007ffb3d8bc000 	C:\Windows\SYSTEM32\DBGHELP.DLL
0x00007ffb41b20000 - 0x00007ffb41ea5000 	C:\Windows\System32\combase.dll
0x00007ffb423d0000 - 0x00007ffb424a9000 	C:\Windows\System32\OLEAUT32.dll
0x00007ffb26d60000 - 0x00007ffb26d9b000 	C:\Windows\SYSTEM32\dbgcore.DLL
0x00007ffb408c0000 - 0x00007ffb4096c000 	C:\Windows\System32\bcryptPrimitives.dll
0x00007ffb39480000 - 0x00007ffb3948e000 	C:\Program Files\Android\Android Studio\jbr\bin\instrument.dll
0x00007ffb37f00000 - 0x00007ffb37f1e000 	C:\Program Files\Android\Android Studio\jbr\bin\java.dll
0x00007ffb40d50000 - 0x00007ffb40eea000 	C:\Windows\System32\ole32.dll
0x00007ffb40fb0000 - 0x00007ffb41748000 	C:\Windows\System32\SHELL32.dll
0x00007ffb30690000 - 0x00007ffb306a6000 	C:\Program Files\Android\Android Studio\jbr\bin\zip.dll
0x00007ffb3dac0000 - 0x00007ffb3e36e000 	C:\Windows\SYSTEM32\windows.storage.dll
0x00007ffb42720000 - 0x00007ffb4281b000 	C:\Windows\System32\SHCORE.dll
0x00007ffb40ba0000 - 0x00007ffb40c06000 	C:\Windows\System32\shlwapi.dll
0x00007ffb3ffa0000 - 0x00007ffb3ffc9000 	C:\Windows\SYSTEM32\profapi.dll
0x00007ffb3a7b0000 - 0x00007ffb3a7c0000 	C:\Program Files\Android\Android Studio\jbr\bin\net.dll
0x00007ffb3f310000 - 0x00007ffb3f37c000 	C:\Windows\system32\mswsock.dll
0x00007ffb30670000 - 0x00007ffb30686000 	C:\Program Files\Android\Android Studio\jbr\bin\nio.dll
0x00007ffb26750000 - 0x00007ffb26760000 	C:\Program Files\Android\Android Studio\jbr\bin\verify.dll
0x00007ffb306b0000 - 0x00007ffb306d7000 	C:\Users\sendh\.gradle\native\660c5614fbf4a5f2a75b1949f50a0caf5cd603558e7d8a26e50b933a0cfb79d1\windows-amd64\native-platform.dll
0x00007ffb23fc0000 - 0x00007ffb24037000 	C:\Users\sendh\.gradle\native\0.2.8\x86_64-windows-gnu\gradle-fileevents.dll
0x00007ffb2c630000 - 0x00007ffb2c639000 	C:\Program Files\Android\Android Studio\jbr\bin\management.dll
0x00007ffb28360000 - 0x00007ffb2836b000 	C:\Program Files\Android\Android Studio\jbr\bin\management_ext.dll
0x00007ffb41860000 - 0x00007ffb41868000 	C:\Windows\System32\PSAPI.DLL
0x00007ffb3e750000 - 0x00007ffb3e783000 	C:\Windows\SYSTEM32\IPHLPAPI.DLL
0x00007ffb42a10000 - 0x00007ffb42a1a000 	C:\Windows\System32\NSI.dll
0x00007ffb31a20000 - 0x00007ffb31a29000 	C:\Program Files\Android\Android Studio\jbr\bin\extnet.dll
0x00007ffb3f620000 - 0x00007ffb3f63b000 	C:\Windows\SYSTEM32\CRYPTSP.dll
0x00007ffb3ecb0000 - 0x00007ffb3ece9000 	C:\Windows\system32\rsaenh.dll
0x00007ffb3f3c0000 - 0x00007ffb3f3f4000 	C:\Windows\SYSTEM32\USERENV.dll
0x00007ffb3ff70000 - 0x00007ffb3ff9a000 	C:\Windows\SYSTEM32\bcrypt.dll
0x00007ffb3f600000 - 0x00007ffb3f60c000 	C:\Windows\SYSTEM32\CRYPTBASE.dll
0x00007ffb066f0000 - 0x00007ffb066f8000 	C:\Windows\system32\wshunix.dll
0x00007ffb3ee80000 - 0x00007ffb3eeb6000 	C:\Windows\SYSTEM32\ntmarta.dll

JVMTI agents:
C:\Users\sendh\.gradle\wrapper\dists\gradle-9.6.0-bin\42k10rwplmzkhuboz9kdazi7s\gradle-9.6.0\lib\agents\gradle-instrumentation-agent-9.6.0.jar path:C:\Program Files\Android\Android Studio\jbr\bin\instrument.dll, loaded, initialized, instrumentlib options:none

dbghelp: loaded successfully - version: 4.0.5 - missing functions: none
symbol engine: initialized successfully - sym options: 0x614 - pdb path: .;C:\Program Files\Android\Android Studio\jbr\bin;C:\Windows\SYSTEM32;C:\Windows\WinSxS\amd64_microsoft.windows.common-controls_6595b64144ccf1df_6.0.26100.9278_none_3e0d1ba8e3303201;C:\Program Files\Android\Android Studio\jbr\bin\server;C:\Users\sendh\.gradle\native\660c5614fbf4a5f2a75b1949f50a0caf5cd603558e7d8a26e50b933a0cfb79d1\windows-amd64;C:\Users\sendh\.gradle\native\0.2.8\x86_64-windows-gnu

VM Arguments:
jvm_args: --add-opens=java.base/java.lang=ALL-UNNAMED --add-opens=java.base/java.lang.invoke=ALL-UNNAMED --add-opens=java.base/java.util=ALL-UNNAMED --add-opens=java.prefs/java.util.prefs=ALL-UNNAMED --add-exports=jdk.compiler/com.sun.tools.javac.api=ALL-UNNAMED --add-exports=jdk.compiler/com.sun.tools.javac.util=ALL-UNNAMED --add-opens=java.base/java.nio.charset=ALL-UNNAMED --add-opens=java.base/java.net=ALL-UNNAMED --add-opens=java.base/java.util.concurrent=ALL-UNNAMED --add-opens=java.base/java.util.concurrent.atomic=ALL-UNNAMED --add-opens=java.xml/javax.xml.namespace=ALL-UNNAMED --add-opens=java.base/java.time=ALL-UNNAMED --enable-native-access=ALL-UNNAMED -Xmx2048m -Dfile.encoding=UTF-8 -Duser.country=ZA -Duser.language=en -Duser.variant -javaagent:C:\Users\sendh\.gradle\wrapper\dists\gradle-9.6.0-bin\42k10rwplmzkhuboz9kdazi7s\gradle-9.6.0\lib\agents\gradle-instrumentation-agent-9.6.0.jar 
java_command: org.gradle.launcher.daemon.bootstrap.GradleDaemon 9.6.0
java_class_path (initial): C:\Users\sendh\.gradle\wrapper\dists\gradle-9.6.0-bin\42k10rwplmzkhuboz9kdazi7s\gradle-9.6.0\lib\gradle-daemon-main-9.6.0.jar
Launcher Type: SUN_STANDARD

[Global flags]
     intx CICompilerCount                          = 4                                         {product} {ergonomic}
     uint ConcGCThreads                            = 2                                         {product} {ergonomic}
     uint G1ConcRefinementThreads                  = 8                                         {product} {ergonomic}
   size_t G1HeapRegionSize                         = 1048576                                   {product} {ergonomic}
   size_t InitialHeapSize                          = 96468992                                  {product} {ergonomic}
   size_t MarkStackSize                            = 4194304                                   {product} {ergonomic}
   size_t MarkStackSizeMax                         = 536870912                                 {product} {ergonomic}
   size_t MaxHeapSize                              = 2147483648                                {product} {command line}
   size_t MaxNewSize                               = 1287651328                                {product} {ergonomic}
   size_t MinHeapDeltaBytes                        = 1048576                                   {product} {ergonomic}
   size_t MinHeapSize                              = 8388608                                   {product} {ergonomic}
    uintx NonNMethodCodeHeapSize                   = 5898240                                {pd product} {ergonomic}
    uintx NonProfiledCodeHeapSize                  = 122945536                              {pd product} {ergonomic}
    uintx ProfiledCodeHeapSize                     = 122945536                              {pd product} {ergonomic}
    uintx ReservedCodeCacheSize                    = 251789312                              {pd product} {ergonomic}
     bool SegmentedCodeCache                       = true                                      {product} {ergonomic}
   size_t SoftMaxHeapSize                          = 2147483648                             {manageable} {ergonomic}
     bool UseCompressedOops                        = true                           {product lp64_product} {ergonomic}
     bool UseG1GC                                  = true                                      {product} {ergonomic}
     bool UseLargePagesIndividualAllocation        = false                                  {pd product} {ergonomic}

Logging:
Log output configuration:
 #0: stdout all=warning uptime,level,tags foldmultilines=false
 #1: stderr all=off uptime,level,tags foldmultilines=false

Release file:
JAVA_VERSION="25.0.3" 
MODULES="java.base java.compiler java.datatransfer java.xml java.prefs java.desktop java.instrument java.logging java.management java.security.sasl java.naming java.rmi java.management.rmi java.net.http java.scripting java.security.jgss java.transaction.xa java.sql java.sql.rowset java.xml.crypto java.se java.smartcardio jdk.accessibility jdk.internal.jvmstat jdk.attach jdk.charsets jdk.internal.opt jdk.zipfs jdk.compiler jdk.crypto.cryptoki jdk.crypto.ec jdk.dynalink jdk.hotspot.agent jdk.httpserver jdk.internal.ed jdk.internal.le jdk.internal.md jdk.internal.vm.ci jdk.jartool jdk.javadoc jdk.jcmd jdk.jdeps jdk.jdwp.agent jdk.jdi jdk.jfr jdk.jlink jdk.localedata jdk.management jdk.management.agent jdk.management.jfr jdk.naming.dns jdk.naming.rmi jdk.net jdk.sctp jdk.security.auth jdk.security.jgss jdk.unsupported jdk.unsupported.desktop jdk.xml.dom" 
IMPLEMENTOR="JetBrains s.r.o." 
JAVA_RUNTIME_VERSION="25.0.3+-15898627-b508.16" 
LIBC="default" 
OS_ARCH="x86_64" 
OS_NAME="Windows" 
SOURCE=".:git:a8b1dba3234f" 

Environment Variables:
PATH=C:\Windows\system32;C:\Windows;C:\Windows\System32\Wbem;C:\Windows\System32\WindowsPowerShell\v1.0\;C:\Windows\System32\OpenSSH\;C:\Program Files\Microsoft SQL Server\170\Tools\Binn\;C:\Program Files\Microsoft SQL Server\Client SDK\ODBC\170\Tools\Binn\;C:\Program Files\nodejs\;C:\Program Files\dotnet\;C:\Program Files (x86)\Microsoft SQL Server\170\Tools\Binn\;C:\Program Files\Microsoft SQL Server\Client SDK\ODBC\180\Tools\Binn\;C:\Program Files\Microsoft SQL Server\170\DTS\Binn\;C:\Users\sendh\AppData\Local\Microsoft\WindowsApps;C:\Users\sendh\AppData\Local\Programs\Microsoft VS Code\bin;C:\Users\sendh\AppData\Roaming\npm;C:\Users\sendh\.dotnet\tools
USERNAME=BashaXavier
OS=Windows_NT
PROCESSOR_IDENTIFIER=AMD64 Family 23 Model 160 Stepping 0, AuthenticAMD
TMP=C:\Users\sendh\AppData\Local\Temp
TEMP=C:\Users\sendh\AppData\Local\Temp




Compilation memory statistics disabled.

Periodic native trim disabled

JNI global refs:
JNI global refs: 23, weak refs: 41

JNI global refs memory usage: 835, weak refs: 1465

Process memory usage:
Resident Set Size: 373832K (6% of 6018300K total physical memory with 67524K free physical memory)

OOME stack traces (most recent first):
Classloader memory used:
Loader org.gradle.internal.classloader.VisitableURLClassLoader                         : 32990 K
Loader bootstrap                                                                       : 25919 K
Loader org.gradle.internal.classloader.VisitableURLClassLoader$InstrumentingVisitableURLClassLoader: 17786 K
Loader org.gradle.initialization.MixInLegacyTypesClassLoader                           : 9340 K
Loader jdk.internal.loader.ClassLoaders$AppClassLoader                                 : 188 K
Loader jdk.internal.loader.ClassLoaders$PlatformClassLoader                            : 158 K

Classes loaded by more than one classloader:
Class com.google.common.collect.RegularImmutableMap$KeySet                            : loaded 2 times (x 154B)
Class com.google.common.base.PairwiseEquivalence                                      : loaded 2 times (x 85B)
Class com.google.common.base.Equivalence$Identity                                     : loaded 2 times (x 84B)
Class org.gradle.internal.classloader.FilteringClassLoader                            : loaded 2 times (x 106B)
Class [Lcom.google.common.collect.MapMakerInternalMap$Segment;                        : loaded 2 times (x 71B)
Class com.google.common.io.FileWriteMode                                              : loaded 2 times (x 81B)
Class [Lcom.google.common.base.AbstractIterator$State;                                : loaded 2 times (x 71B)
Class com.google.common.base.CharMatcher$IsEither                                     : loaded 2 times (x 113B)
Class org.gradle.internal.classloader.ClassLoaderHierarchy                            : loaded 2 times (x 72B)
Class com.google.common.collect.ImmutableList$1                                       : loaded 2 times (x 99B)
Class com.google.common.collect.ImmutableEnumSet                                      : loaded 2 times (x 148B)
Class com.google.common.util.concurrent.ExecutionError                                : loaded 2 times (x 84B)
Class com.google.common.collect.AbstractMapBasedMultimap$WrappedCollection            : loaded 2 times (x 126B)
Class com.google.common.io.ByteArrayDataOutput                                        : loaded 2 times (x 72B)
Class com.google.common.collect.RegularImmutableMap                                   : loaded 2 times (x 122B)
Class com.google.common.collect.ImmutableMap$MapViewOfValuesAsSingletonSets           : loaded 2 times (x 128B)
Class com.google.common.collect.TransformedListIterator                               : loaded 2 times (x 95B)
Class com.google.common.collect.UnmodifiableListIterator                              : loaded 2 times (x 97B)
Class com.google.common.collect.MapMakerInternalMap$StrongKeyDummyValueEntry$LinkedStrongKeyDummyValueEntry: loaded 2 times (x 84B)
Class com.google.common.collect.MapMakerInternalMap$Strength                          : loaded 2 times (x 82B)
Class com.google.common.base.Platform$JdkPatternCompiler                              : loaded 2 times (x 77B)
Class [Lcom.google.common.cache.CacheBuilder$OneWeigher;                              : loaded 2 times (x 71B)
Class com.google.common.base.Suppliers                                                : loaded 2 times (x 73B)
Class org.gradle.internal.classloader.DefaultClassLoaderFactory                       : loaded 2 times (x 84B)
Class com.google.common.base.CharMatcher$None                                         : loaded 2 times (x 114B)
Class [Lcom.google.common.collect.ImmutableMapEntry;                                  : loaded 2 times (x 71B)
Class com.google.common.collect.ImmutableEnumMap                                      : loaded 2 times (x 128B)
Class com.google.common.collect.ListMultimap                                          : loaded 2 times (x 72B)
Class com.google.common.collect.Iterators$EmptyModifiableIterator                     : loaded 2 times (x 88B)
Class com.google.common.collect.Sets$1                                                : loaded 2 times (x 143B)
Class com.google.common.base.Splitter                                                 : loaded 2 times (x 74B)
Class org.gradle.api.internal.DefaultClassPathProvider                                : loaded 2 times (x 78B)
Class com.google.common.collect.MapMakerInternalMap$Strength$1                        : loaded 2 times (x 82B)
Class com.google.common.collect.Maps$ViewCachingAbstractMap                           : loaded 2 times (x 127B)
Class com.google.common.collect.Sets$2                                                : loaded 2 times (x 143B)
Class [Lorg.gradle.api.internal.ClassPathProvider;                                    : loaded 2 times (x 71B)
Class org.gradle.api.internal.ClassPathProvider                                       : loaded 2 times (x 72B)
Class com.google.common.collect.MapMakerInternalMap$Strength$2                        : loaded 2 times (x 82B)
Class com.google.common.collect.Sets$3                                                : loaded 2 times (x 143B)
Class com.google.common.base.AbstractIterator$State                                   : loaded 2 times (x 81B)
Class com.google.common.cache.LocalCache$LocalLoadingCache                            : loaded 2 times (x 136B)
Class org.gradle.internal.service.UnknownServiceException                             : loaded 2 times (x 85B)
Class com.google.common.collect.MapMakerInternalMap$StrongValueEntry                  : loaded 2 times (x 72B)
Class com.google.common.io.ByteArrayDataInput                                         : loaded 2 times (x 72B)
Class com.google.common.collect.Sets$4                                                : loaded 2 times (x 143B)
Class com.google.common.cache.LocalCache$Strength$1                                   : loaded 2 times (x 83B)
Class com.google.common.util.concurrent.SettableFuture                                : loaded 2 times (x 116B)
Class com.google.common.cache.LocalCache$Strength$2                                   : loaded 2 times (x 83B)
Class com.google.common.collect.Interners$InternerImpl                                : loaded 2 times (x 77B)
Class com.google.common.collect.Interner                                              : loaded 2 times (x 72B)
Class com.google.common.collect.TransformedIterator                                   : loaded 2 times (x 82B)
Class com.google.common.io.ByteStreams                                                : loaded 2 times (x 73B)
Class com.google.common.base.Splitter$1                                               : loaded 2 times (x 79B)
Class com.google.common.cache.LocalCache$Strength$3                                   : loaded 2 times (x 83B)
Class com.google.common.collect.MapDifference                                         : loaded 2 times (x 72B)
Class com.google.common.collect.MapMaker$Dummy                                        : loaded 2 times (x 81B)
Class com.google.common.cache.CacheBuilder$NullListener                               : loaded 2 times (x 84B)
Class org.gradle.internal.classpath.TransformedClassPath                              : loaded 2 times (x 98B)
Class org.gradle.internal.classloader.InstrumentingClassLoader                        : loaded 2 times (x 72B)
Class com.google.common.collect.Iterators$ArrayItr                                    : loaded 2 times (x 99B)
Class com.google.common.cache.CacheLoader$FunctionToCacheLoader                       : loaded 2 times (x 77B)
Class com.google.common.collect.ImmutableCollection$Builder                           : loaded 2 times (x 78B)
Class com.google.common.base.Joiner                                                   : loaded 2 times (x 82B)
Class com.google.common.base.MoreObjects                                              : loaded 2 times (x 73B)
Class com.google.common.collect.Platform                                              : loaded 2 times (x 73B)
Class com.google.common.collect.UnmodifiableIterator                                  : loaded 2 times (x 82B)
Class org.gradle.internal.service.ServiceLocator                                      : loaded 2 times (x 72B)
Class com.google.common.collect.SingletonImmutableBiMap                               : loaded 2 times (x 145B)
Class com.google.common.collect.Iterators$SingletonIterator                           : loaded 2 times (x 83B)
Class com.google.common.cache.LocalCache$1                                            : loaded 2 times (x 91B)
Class com.google.common.collect.AbstractMapEntry                                      : loaded 2 times (x 83B)
Class com.google.common.collect.MapMakerInternalMap$AbstractStrongKeyEntry            : loaded 2 times (x 82B)
Class com.google.common.collect.Sets$ImprovedAbstractSet                              : loaded 2 times (x 137B)
Class com.google.common.cache.LocalCache$2                                            : loaded 2 times (x 144B)
Class com.google.common.collect.AbstractMultimap                                      : loaded 2 times (x 125B)
Class com.google.common.collect.RegularImmutableAsList                                : loaded 2 times (x 219B)
Class com.google.common.collect.Iterators                                             : loaded 2 times (x 73B)
Class com.google.common.util.concurrent.AbstractFuture$Trusted                        : loaded 2 times (x 72B)
Class com.google.common.io.ByteSink$AsCharSink                                        : loaded 2 times (x 82B)
Class com.google.common.collect.Lists$StringAsImmutableList                           : loaded 2 times (x 209B)
Class com.google.common.util.concurrent.UncheckedExecutionException                   : loaded 2 times (x 84B)
Class com.google.common.collect.AbstractMapBasedMultimap$KeySet$1                     : loaded 2 times (x 84B)
Class com.google.common.base.CharMatcher$And                                          : loaded 2 times (x 114B)
Class com.google.common.cache.CacheLoader$UnsupportedLoadingOperationException        : loaded 2 times (x 84B)
Class com.google.common.collect.IndexedImmutableSet                                   : loaded 2 times (x 154B)
Class com.google.common.collect.ImmutableMap$1                                        : loaded 2 times (x 83B)
Class com.google.common.collect.BiMap                                                 : loaded 2 times (x 72B)
Class org.gradle.api.internal.classpath.DefaultModuleRegistry$DefaultModule           : loaded 2 times (x 84B)
Class com.google.common.primitives.Ints                                               : loaded 2 times (x 73B)
Class com.google.common.collect.AbstractIterator                                      : loaded 2 times (x 84B)
Class com.google.common.math.MathPreconditions                                        : loaded 2 times (x 73B)
Class com.google.common.collect.ObjectArrays                                          : loaded 2 times (x 73B)
Class com.google.common.collect.AbstractIndexedListIterator                           : loaded 2 times (x 98B)
Class com.google.common.collect.ArrayListMultimapGwtSerializationDependencies         : loaded 2 times (x 173B)
Class com.google.common.collect.Multiset                                              : loaded 2 times (x 72B)
Class com.google.common.collect.ImmutableMapEntrySet                                  : loaded 2 times (x 154B)
Class org.gradle.api.internal.classpath.Module                                        : loaded 2 times (x 72B)
Class com.google.common.cache.Weigher                                                 : loaded 2 times (x 72B)
Class org.gradle.api.internal.classpath.UnknownModuleException                        : loaded 2 times (x 84B)
Class com.google.common.base.Stopwatch                                                : loaded 2 times (x 74B)
Class com.google.common.cache.LocalCache$Strength                                     : loaded 2 times (x 83B)
Class com.google.common.cache.Cache                                                   : loaded 2 times (x 72B)
Class com.google.common.collect.ImmutableMap$Builder                                  : loaded 2 times (x 84B)
Class com.google.common.base.NullnessCasts                                            : loaded 2 times (x 73B)
Class com.google.common.util.concurrent.AbstractFuture$Cancellation                   : loaded 2 times (x 74B)
Class com.google.common.collect.AbstractMapBasedMultimap$WrappedCollection$WrappedIterator: loaded 2 times (x 86B)
Class com.google.common.cache.RemovalListener                                         : loaded 2 times (x 72B)
Class org.gradle.api.internal.DefaultClassPathRegistry                                : loaded 2 times (x 78B)
Class com.google.common.primitives.IntsMethodsForWeb                                  : loaded 2 times (x 73B)
Class com.google.common.collect.Multimap                                              : loaded 2 times (x 72B)
Class org.gradle.internal.classpath.DefaultClassPath$ImmutableUniqueList              : loaded 2 times (x 201B)
Class org.gradle.api.internal.ClassPathRegistry                                       : loaded 2 times (x 72B)
Class com.google.common.collect.MapMakerInternalMap$Segment                           : loaded 2 times (x 143B)
Class com.google.common.io.ByteSink                                                   : loaded 2 times (x 78B)
Class com.google.common.collect.SingletonImmutableList                                : loaded 2 times (x 209B)
Class com.google.common.cache.CacheBuilder                                            : loaded 2 times (x 74B)
Class org.gradle.internal.classpath.ClassPath                                         : loaded 2 times (x 72B)
Class com.google.common.collect.Interners$InternerBuilder                             : loaded 2 times (x 78B)
Class com.google.common.io.Files$FileByteSource                                       : loaded 2 times (x 87B)
Class com.google.common.collect.ImmutableList$ReverseImmutableList                    : loaded 2 times (x 211B)
Class com.google.common.base.JdkPattern                                               : loaded 2 times (x 77B)
Class org.gradle.api.internal.classpath.DefaultModuleRegistry$DefaultModuleAlias      : loaded 2 times (x 82B)
Class com.google.common.collect.Iterators$1                                           : loaded 2 times (x 83B)
Class com.google.common.base.Suppliers$SupplierOfInstance                             : loaded 2 times (x 81B)
Class com.google.common.cache.LocalCache$ComputingValueReference                      : loaded 2 times (x 98B)
Class com.google.common.collect.ImmutableMap$IteratorBasedImmutableMap                : loaded 2 times (x 128B)
Class com.google.common.collect.SingletonImmutableSet                                 : loaded 2 times (x 148B)
Class com.google.common.cache.LocalCache$Segment                                      : loaded 2 times (x 155B)
Class com.google.common.collect.ImmutableBiMap                                        : loaded 2 times (x 145B)
Class com.google.common.collect.Iterators$4                                           : loaded 2 times (x 84B)
Class com.google.common.cache.CacheLoader                                             : loaded 2 times (x 76B)
Class com.google.common.collect.AbstractListMultimap                                  : loaded 2 times (x 173B)
Class org.gradle.api.internal.classpath.ModuleRegistry                                : loaded 2 times (x 72B)
Class org.gradle.internal.installation.GradleInstallation$1                           : loaded 2 times (x 77B)
Class com.google.common.collect.ImmutableSet$JdkBackedSetBuilderImpl                  : loaded 2 times (x 78B)
Class com.google.common.base.Splitter$SplittingIterator                               : loaded 2 times (x 85B)
Class com.google.common.collect.Iterators$5                                           : loaded 2 times (x 84B)
Class com.google.common.util.concurrent.internal.InternalFutureFailureAccess          : loaded 2 times (x 74B)
Class com.google.common.base.CharMatcher$ForPredicate                                 : loaded 2 times (x 114B)
Class com.google.common.cache.LocalCache$LocalManualCache$1                           : loaded 2 times (x 77B)
Class com.google.common.base.CharMatcher$AnyOf                                        : loaded 2 times (x 114B)
Class com.google.common.collect.ImmutableCollection                                   : loaded 2 times (x 127B)
Class org.gradle.api.internal.classpath.DefaultModuleRegistry                         : loaded 2 times (x 86B)
Class com.google.common.collect.Lists                                                 : loaded 2 times (x 73B)
Class com.google.common.util.concurrent.ListenableFuture                              : loaded 2 times (x 72B)
Class com.google.common.cache.ReferenceEntry                                          : loaded 2 times (x 72B)
Class com.google.common.base.Converter                                                : loaded 2 times (x 92B)
Class com.google.common.collect.ImmutableSet$CachingAsList                            : loaded 2 times (x 150B)
Class com.google.common.collect.Iterators$9                                           : loaded 2 times (x 83B)
Class com.google.common.util.concurrent.AbstractFuture                                : loaded 2 times (x 108B)
Class com.google.common.base.FunctionalEquivalence                                    : loaded 2 times (x 85B)
Class com.google.common.collect.AbstractMapBasedMultimap                              : loaded 2 times (x 140B)
Class com.google.common.collect.ImmutableAsList                                       : loaded 2 times (x 211B)
Class com.google.common.cache.CacheLoader$SupplierToCacheLoader                       : loaded 2 times (x 77B)
Class com.google.common.collect.Maps$EntryTransformer                                 : loaded 2 times (x 72B)
Class org.gradle.internal.service.ServiceLookupException                              : loaded 2 times (x 84B)
Class [Lcom.google.common.cache.LocalCache$EntryFactory;                              : loaded 2 times (x 71B)
Class org.gradle.internal.classloader.ClassLoaderFactory                              : loaded 2 times (x 72B)
Class com.google.common.base.CharMatcher$IsNot                                        : loaded 2 times (x 113B)
Class com.google.common.base.CommonPattern                                            : loaded 2 times (x 76B)
Class com.google.common.cache.LocalCache$LocalManualCache                             : loaded 2 times (x 101B)
Class org.gradle.internal.service.CachingServiceLocator                               : loaded 2 times (x 84B)
Class com.google.common.collect.AbstractMapBasedMultimap$KeySet                       : loaded 2 times (x 139B)
Class com.google.common.math.IntMath                                                  : loaded 2 times (x 73B)
Class com.google.common.collect.MapMakerInternalMap$InternalEntry                     : loaded 2 times (x 72B)
Class com.google.common.collect.ImmutableMapEntry                                     : loaded 2 times (x 87B)
Class com.google.common.collect.ImmutableMapEntry$NonTerminalImmutableMapEntry        : loaded 2 times (x 87B)
Class com.google.common.base.Equivalence                                              : loaded 2 times (x 84B)
Class com.google.common.base.Function                                                 : loaded 2 times (x 72B)
Class com.google.common.collect.RegularImmutableList                                  : loaded 2 times (x 215B)
Class com.google.common.cache.CacheBuilder$OneWeigher                                 : loaded 2 times (x 84B)
Class org.gradle.internal.classloader.ClasspathUtil                                   : loaded 2 times (x 73B)
Class com.google.common.util.concurrent.Uninterruptibles                              : loaded 2 times (x 73B)
Class com.google.common.util.concurrent.LazyLogger                                    : loaded 2 times (x 74B)
Class com.google.common.collect.Maps                                                  : loaded 2 times (x 73B)
Class org.gradle.api.specs.Spec                                                       : loaded 2 times (x 72B)
Class com.google.common.collect.MapMaker                                              : loaded 2 times (x 74B)
Class [Lcom.google.common.collect.ImmutableEntry;                                     : loaded 2 times (x 71B)
Class com.google.common.cache.LocalCache$LoadingValueReference                        : loaded 2 times (x 98B)
Class com.google.common.collect.MapMakerInternalMap$StrongKeyDummyValueEntry          : loaded 2 times (x 84B)
Class com.google.common.base.Platform                                                 : loaded 2 times (x 73B)
Class com.google.common.collect.AbstractMapBasedMultimap$WrappedList                  : loaded 2 times (x 207B)
Class com.google.common.collect.Maps$8                                                : loaded 2 times (x 84B)
Class [Lcom.google.common.collect.Iterators$EmptyModifiableIterator;                  : loaded 2 times (x 71B)
Class com.google.common.collect.Sets$SetView                                          : loaded 2 times (x 141B)
Class com.google.common.cache.LocalCache$StrongValueReference                         : loaded 2 times (x 92B)
Class com.google.common.graph.SuccessorsFunction                                      : loaded 2 times (x 72B)
Class org.gradle.internal.classloader.VisitableURLClassLoader$InstrumentingVisitableURLClassLoader: loaded 2 times (x 124B)
Class com.google.common.math.IntMath$1                                                : loaded 2 times (x 73B)
Class com.google.common.collect.MapMakerInternalMap$StrongKeyDummyValueEntry$Helper   : loaded 2 times (x 81B)
Class com.google.common.io.Files$FileByteSink                                         : loaded 2 times (x 79B)
Class [Lcom.google.common.cache.CacheBuilder$NullListener;                            : loaded 2 times (x 71B)
Class org.gradle.internal.classloader.VisitableURLClassLoader$Spec                    : loaded 2 times (x 76B)
Class org.gradle.internal.classpath.DefaultClassPath                                  : loaded 2 times (x 92B)
Class com.google.common.base.AbstractIterator                                         : loaded 2 times (x 82B)
Class com.google.common.collect.RegularImmutableMap$Values                            : loaded 2 times (x 209B)
Class com.google.common.base.CharMatcher$BitSetMatcher                                : loaded 2 times (x 114B)
Class com.google.common.io.Closer                                                     : loaded 2 times (x 80B)
Class com.google.common.collect.ImmutableSet                                          : loaded 2 times (x 147B)
Class org.gradle.internal.classloader.ClassLoaderSpec                                 : loaded 2 times (x 73B)
Class com.google.common.cache.CacheStats                                              : loaded 2 times (x 73B)
Class com.google.common.collect.Interners                                             : loaded 2 times (x 73B)
Class com.google.common.io.LineProcessor                                              : loaded 2 times (x 72B)
Class com.google.common.base.CharMatcher$Or                                           : loaded 2 times (x 114B)
Class com.google.common.io.Closer$Suppressor                                          : loaded 2 times (x 72B)
Class com.google.common.util.concurrent.AbstractFuture$Listener                       : loaded 2 times (x 74B)
Class org.gradle.api.internal.classpath.Module$ModuleAlias                            : loaded 2 times (x 72B)
Class com.google.common.base.Supplier                                                 : loaded 2 times (x 72B)
Class org.gradle.internal.classloader.VisitableURLClassLoader                         : loaded 2 times (x 118B)
Class org.gradle.internal.Cast                                                        : loaded 2 times (x 73B)
Class org.gradle.api.Action                                                           : loaded 2 times (x 72B)
Class com.google.common.collect.MapMakerInternalMap                                   : loaded 2 times (x 162B)
Class com.google.common.base.Strings                                                  : loaded 2 times (x 73B)
Class com.google.common.collect.Sets                                                  : loaded 2 times (x 73B)
Class com.google.common.base.CharMatcher$FastMatcher                                  : loaded 2 times (x 113B)
Class com.google.common.base.Ticker                                                   : loaded 2 times (x 74B)
Class [Lcom.google.common.cache.LocalCache$Segment;                                   : loaded 2 times (x 71B)
Class com.google.common.base.Predicate                                                : loaded 2 times (x 72B)
Class [Lcom.google.common.cache.LocalCache$Strength;                                  : loaded 2 times (x 71B)
Class com.google.common.cache.CacheBuilder$1                                          : loaded 2 times (x 87B)
Class com.google.common.collect.ImmutableMap                                          : loaded 2 times (x 122B)
Class org.gradle.internal.classpath.DefaultClassPath$ImmutableUniqueList$Builder      : loaded 2 times (x 77B)
Class com.google.common.collect.MapMakerInternalMap$WeakValueReference                : loaded 2 times (x 72B)
Class com.google.common.base.CharMatcher$NegatedFastMatcher                           : loaded 2 times (x 115B)
Class com.google.common.cache.LocalCache                                              : loaded 2 times (x 188B)
Class com.google.common.cache.CacheBuilder$2                                          : loaded 2 times (x 81B)
Class [Lcom.google.common.collect.AbstractMapEntry;                                   : loaded 2 times (x 71B)
Class com.google.common.collect.ImmutableEntry                                        : loaded 2 times (x 84B)
Class com.google.common.cache.CacheBuilder$3                                          : loaded 2 times (x 74B)
Class com.google.common.collect.ArrayListMultimap                                     : loaded 2 times (x 173B)
Class org.gradle.api.GradleException                                                  : loaded 2 times (x 84B)
Class com.google.common.base.Suppliers$MemoizingSupplier                              : loaded 2 times (x 81B)
Class com.google.common.collect.CollectPreconditions                                  : loaded 2 times (x 73B)
Class [Lcom.google.common.collect.MapMakerInternalMap$Strength;                       : loaded 2 times (x 71B)
Class [Lcom.google.common.io.FileWriteMode;                                           : loaded 2 times (x 71B)
Class com.google.common.collect.SortedMapDifference                                   : loaded 2 times (x 72B)
Class com.google.common.collect.MapMakerInternalMap$StrongKeyDummyValueSegment        : loaded 2 times (x 143B)
Class com.google.common.io.Files                                                      : loaded 2 times (x 73B)
Class com.google.common.cache.LocalCache$EntryFactory                                 : loaded 2 times (x 85B)
Class [Lcom.google.common.collect.MapMaker$Dummy;                                     : loaded 2 times (x 71B)
Class com.google.common.cache.LocalCache$AbstractReferenceEntry                       : loaded 2 times (x 109B)
Class org.gradle.internal.IoActions                                                   : loaded 2 times (x 73B)
Class com.google.common.collect.ImmutableMapKeySet                                    : loaded 2 times (x 154B)
Class com.google.common.cache.CacheLoader$InvalidCacheLoadException                   : loaded 2 times (x 84B)
Class com.google.common.collect.ImmutableSet$RegularSetBuilderImpl                    : loaded 2 times (x 78B)
Class com.google.common.cache.LocalCache$StrongEntry                                  : loaded 2 times (x 110B)
Class com.google.common.util.concurrent.AbstractFuture$TrustedFuture                  : loaded 2 times (x 116B)
Class com.google.common.cache.LoadingCache                                            : loaded 2 times (x 72B)
Class com.google.common.io.ByteStreams$LimitedInputStream                             : loaded 2 times (x 94B)
Class com.google.common.collect.RegularImmutableMap$BucketOverflowException           : loaded 2 times (x 84B)
Class com.google.common.base.Suppliers$NonSerializableMemoizingSupplier               : loaded 2 times (x 81B)
Class [Lcom.google.common.cache.Weigher;                                              : loaded 2 times (x 71B)
Class com.google.common.collect.AbstractMapBasedMultimap$RandomAccessWrappedList      : loaded 2 times (x 207B)
Class com.google.common.collect.RegularImmutableBiMap                                 : loaded 2 times (x 150B)
Class com.google.common.base.CharMatcher$Is                                           : loaded 2 times (x 113B)
Class com.google.common.base.CharMatcher$Negated                                      : loaded 2 times (x 115B)
Class com.google.common.cache.LocalCache$ValueReference                               : loaded 2 times (x 72B)
Class com.google.common.base.PatternCompiler                                          : loaded 2 times (x 72B)
Class com.google.common.collect.Hashing                                               : loaded 2 times (x 73B)
Class com.google.common.util.concurrent.AbstractFuture$Failure                        : loaded 2 times (x 74B)
Class com.google.common.base.Equivalence$Equals                                       : loaded 2 times (x 84B)
Class com.google.common.base.Preconditions                                            : loaded 2 times (x 73B)
Class com.google.common.io.CharSink                                                   : loaded 2 times (x 81B)
Class com.google.common.base.CharMatcher                                              : loaded 2 times (x 113B)
Class com.google.common.collect.PeekingIterator                                       : loaded 2 times (x 72B)
Class com.google.common.base.Joiner$1                                                 : loaded 2 times (x 83B)
Class com.google.common.collect.MapMakerInternalMap$InternalEntryHelper               : loaded 2 times (x 72B)
Class com.google.common.collect.Maps$IteratorBasedAbstractMap                         : loaded 2 times (x 127B)
Class com.google.common.base.CharMatcher$1                                            : loaded 2 times (x 115B)
Class com.google.common.base.CharMatcher$NamedFastMatcher                             : loaded 2 times (x 114B)
Class com.google.common.collect.Table                                                 : loaded 2 times (x 72B)
Class com.google.common.base.Joiner$2                                                 : loaded 2 times (x 82B)
Class com.google.common.cache.LocalCache$EntryFactory$1                               : loaded 2 times (x 85B)
Class [Lcom.google.common.cache.RemovalListener;                                      : loaded 2 times (x 71B)
Class com.google.common.cache.LocalCache$EntryFactory$2                               : loaded 2 times (x 85B)
Class com.google.common.collect.ImmutableMapEntrySet$RegularEntrySet                  : loaded 2 times (x 154B)
Class com.google.common.cache.LocalCache$EntryFactory$3                               : loaded 2 times (x 85B)
Class com.google.common.base.Ticker$1                                                 : loaded 2 times (x 74B)
Class com.google.common.collect.Maps$BiMapConverter                                   : loaded 2 times (x 92B)
Class com.google.common.base.CharMatcher$InRange                                      : loaded 2 times (x 113B)
Class com.google.common.cache.LocalCache$EntryFactory$4                               : loaded 2 times (x 85B)
Class com.google.common.collect.ImmutableSet$Builder                                  : loaded 2 times (x 87B)
Class com.google.common.io.ByteStreams$1                                              : loaded 2 times (x 87B)
Class com.google.common.cache.LocalCache$EntryFactory$5                               : loaded 2 times (x 85B)
Class com.google.common.cache.LocalCache$EntryFactory$6                               : loaded 2 times (x 85B)
Class org.gradle.internal.installation.CurrentGradleInstallationLocator               : loaded 2 times (x 73B)
Class com.google.common.collect.Maps$KeySet                                           : loaded 2 times (x 139B)
Class com.google.common.cache.LocalCache$EntryFactory$7                               : loaded 2 times (x 85B)
Class com.google.common.collect.ImmutableList                                         : loaded 2 times (x 208B)
Class org.gradle.internal.service.DefaultServiceLocator                               : loaded 2 times (x 85B)
Class com.google.common.collect.Maps$EntrySet                                         : loaded 2 times (x 138B)
Class com.google.common.cache.LocalCache$EntryFactory$8                               : loaded 2 times (x 85B)
Class com.google.common.collect.ImmutableSet$SetBuilderImpl                           : loaded 2 times (x 78B)
Class org.gradle.internal.installation.CurrentGradleInstallation                      : loaded 2 times (x 75B)
Class com.google.common.collect.ImmutableList$SubList                                 : loaded 2 times (x 211B)
Class com.google.common.collect.ForwardingObject                                      : loaded 2 times (x 74B)
Class com.google.common.cache.CacheLoader$1                                           : loaded 2 times (x 77B)
Class org.gradle.util.internal.GUtil                                                  : loaded 2 times (x 73B)
Class com.google.common.io.ByteSource                                                 : loaded 2 times (x 86B)
Class com.google.common.cache.AbstractCache$StatsCounter                              : loaded 2 times (x 72B)
Class com.google.common.collect.MapMakerInternalMap$1                                 : loaded 2 times (x 85B)
Class com.google.common.collect.Iterators$MergingIterator                             : loaded 2 times (x 83B)
Class com.google.common.collect.RegularImmutableSet                                   : loaded 2 times (x 150B)
Class org.gradle.internal.installation.GradleInstallation                             : loaded 2 times (x 77B)
Class com.google.common.base.Splitter$Strategy                                        : loaded 2 times (x 72B)
Class com.google.common.collect.Iterables                                             : loaded 2 times (x 73B)

---------------  S Y S T E M  ---------------

OS:
 Windows 11 , 64 bit Build 26100 (10.0.26100.9444)
OS uptime: 0 days 8:43 hours
Hyper-V role detected

CPU: total 8 (initial active 8) (8 cores per cpu, 2 threads per core) family 23 model 160 stepping 0 microcode 0x8a0000b, cx8, cmov, fxsr, ht, mmx, 3dnowpref, sse, sse2, sse3, ssse3, sse4a, sse4.1, sse4.2, popcnt, lzcnt, tsc, tscinvbit, avx, avx2, aes, clmul, bmi1, bmi2, adx, sha, fma, vzeroupper, clflush, clflushopt, clwb, hv, rdtscp, rdpid, f16c
Processor Information for the first 8 processors :
  Max Mhz: 2801, Current Mhz: 2483, Mhz Limit: 2801

Memory: 4k page, system-wide physical 5877M (87M free)
TotalPageFile size 24309M (AvailPageFile size 17M)
current process WorkingSet (physical memory assigned to process): 365M, peak: 366M
current process commit charge ("private bytes"): 456M, peak: 457M

vm_info: OpenJDK 64-Bit Server VM (25.0.3+-15898627-b508.16) for windows-amd64 JRE (25.0.3+-15898627-b508.16), built on 2026-07-20T17:54:23Z with MS VC++ 16.10 / 16.11 (VS2019)

END.
