#
# There is insufficient memory for the Java Runtime Environment to continue.
# Native memory allocation (mmap) failed to map 309329920 bytes. Error detail: G1 virtual space
# Possible reasons:
#   The system is out of physical RAM or swap space
#   This process is running with CompressedOops enabled, and the Java Heap may be blocking the growth of the native heap
# Possible solutions:
#   Reduce memory load on the system
#   Increase physical memory or swap space
#   Check if swap backing store is full
#   Decrease Java heap size (-Xmx/-Xms)
#   Decrease number of Java threads
#   Decrease Java thread stack sizes (-Xss)
#   Set larger code cache with -XX:ReservedCodeCacheSize=
#   JVM is running with Unscaled Compressed Oops mode in which the Java heap is
#     placed in the first 4GB address space. The Java Heap base address is the
#     maximum limit for the native heap growth. Please use -XX:HeapBaseMinAddress
#     to set the Java Heap base and to place the Java Heap above 4GB virtual address.
# This output file may be truncated or incomplete.
#
#  Out of Memory Error (os_windows.cpp:3766), pid=28908, tid=31016
#
# JRE version: OpenJDK Runtime Environment (25.0.3) (build 25.0.3+-15898627-b508.16)
# Java VM: OpenJDK 64-Bit Server VM (25.0.3+-15898627-b508.16, mixed mode, tiered, compressed oops, compressed class ptrs, g1 gc, windows-amd64)
# No core dump will be written. Minidumps are not enabled by default on client versions of Windows
#

---------------  S U M M A R Y ------------

Command Line: --add-opens=java.base/java.lang=ALL-UNNAMED --add-opens=java.base/java.lang.invoke=ALL-UNNAMED --add-opens=java.base/java.util=ALL-UNNAMED --add-opens=java.prefs/java.util.prefs=ALL-UNNAMED --add-exports=jdk.compiler/com.sun.tools.javac.api=ALL-UNNAMED --add-exports=jdk.compiler/com.sun.tools.javac.util=ALL-UNNAMED --add-opens=java.base/java.nio.charset=ALL-UNNAMED --add-opens=java.base/java.net=ALL-UNNAMED --add-opens=java.base/java.util.concurrent=ALL-UNNAMED --add-opens=java.base/java.util.concurrent.atomic=ALL-UNNAMED --add-opens=java.xml/javax.xml.namespace=ALL-UNNAMED --add-opens=java.base/java.time=ALL-UNNAMED --enable-native-access=ALL-UNNAMED -Xmx2048m -Dfile.encoding=UTF-8 -Duser.country=ZA -Duser.language=en -Duser.variant -javaagent:C:\Users\sendh\.gradle\wrapper\dists\gradle-9.6.0-bin\42k10rwplmzkhuboz9kdazi7s\gradle-9.6.0\lib\agents\gradle-instrumentation-agent-9.6.0.jar org.gradle.launcher.daemon.bootstrap.GradleDaemon 9.6.0

Host: AMD Ryzen 5 7520U with Radeon Graphics         , 8 cores, 5G,  Windows 11 , 64 bit Build 26100 (10.0.26100.9444)
Time: Wed Sep 16 21:18:37 2026 South Africa Standard Time elapsed time: 28.523408 seconds (0d 0h 0m 28s)

---------------  T H R E A D  ---------------

Current thread (0x0000018e3fdcf3b0):  VMThread "VM Thread"          [id=31016, stack(0x0000002141b00000,0x0000002141c00000) (1024K)]

Stack: [0x0000002141b00000,0x0000002141c00000]
Native frames: (J=compiled Java code, j=interpreted, Vv=VM code, C=native code)
V  [jvm.dll+0x7bf039]  (no source info available)
V  [jvm.dll+0x78912d]  (no source info available)
V  [jvm.dll+0xa0e615]  (no source info available)
V  [jvm.dll+0xa10c94]  (no source info available)
V  [jvm.dll+0xa11393]  (no source info available)
V  [jvm.dll+0x30a116]  (no source info available)
V  [jvm.dll+0x7bb145]  (no source info available)
V  [jvm.dll+0x7adc17]  (no source info available)
V  [jvm.dll+0x3fea3b]  (no source info available)
V  [jvm.dll+0x406bf6]  (no source info available)
V  [jvm.dll+0x3f30a6]  (no source info available)
V  [jvm.dll+0x3f3388]  (no source info available)
V  [jvm.dll+0x3c8622]  (no source info available)
V  [jvm.dll+0x3c86ba]  (no source info available)
V  [jvm.dll+0x417e60]  (no source info available)
V  [jvm.dll+0x416781]  (no source info available)
V  [jvm.dll+0x3c7d57]  (no source info available)
V  [jvm.dll+0x415f19]  (no source info available)
V  [jvm.dll+0xa1765a]  (no source info available)
V  [jvm.dll+0xa18961]  (no source info available)
V  [jvm.dll+0xa18ed8]  (no source info available)
V  [jvm.dll+0xa19163]  (no source info available)
V  [jvm.dll+0x9ad738]  (no source info available)
V  [jvm.dll+0x7bd585]  (no source info available)
C  [ucrtbase.dll+0x2cd30]  (no source info available)
C  [KERNEL32.DLL+0x2cd87]  (no source info available)
C  [ntdll.dll+0xacaec]  (no source info available)

VM_Operation (0x0000002146bfdfe8): G1TryInitiateConcMark, mode: safepoint, requested by thread 0x0000018e487344e0


---------------  P R O C E S S  ---------------

Threads class SMR info:
_java_thread_list=0x0000018e496a4700, length=71, elements={
0x0000018e2828e190, 0x0000018e3fe17db0, 0x0000018e3fe50530, 0x0000018e3fe52250,
0x0000018e3fe37710, 0x0000018e3fe53340, 0x0000018e3fe5d550, 0x0000018e3fe5e110,
0x0000018e3fe64340, 0x0000018e3fe6be80, 0x0000018e44335c80, 0x0000018e45528860,
0x0000018e45b901d0, 0x0000018e463839f0, 0x0000018e468a59a0, 0x0000018e44160d50,
0x0000018e44507d40, 0x0000018e4546d610, 0x0000018e4546b6d0, 0x0000018e466a2060,
0x0000018e466a4770, 0x0000018e466a37d0, 0x0000018e466a4f40, 0x0000018e466a5ee0,
0x0000018e466a5710, 0x0000018e466a66b0, 0x0000018e466a85f0, 0x0000018e47048350,
0x0000018e4704b230, 0x0000018e4704ba00, 0x0000018e470492f0, 0x0000018e4704aa60,
0x0000018e473c0cd0, 0x0000018e473c5320, 0x0000018e473c3bb0, 0x0000018e473c33e0,
0x0000018e473c1c70, 0x0000018e4a7c2fb0, 0x0000018e4a7c00d0, 0x0000018e4a7c2010,
0x0000018e4a7c3f50, 0x0000018e4a7c4720, 0x0000018e4a7c4ef0, 0x0000018e4a7c56c0,
0x0000018e4a7c6e30, 0x0000018e48bcf700, 0x0000018e48bcd7c0, 0x0000018e48bce760,
0x0000018e48bccff0, 0x0000018e48bcef30, 0x0000018e48bd3580, 0x0000018e48bd0e70,
0x0000018e48bd1e10, 0x0000018e48ca3a40, 0x0000018e48ca6920, 0x0000018e48ca70f0,
0x0000018e4704c9a0, 0x0000018e4967e900, 0x0000018e4967ba20, 0x0000018e4967c9c0,
0x0000018e48491960, 0x0000018e4848e2b0, 0x0000018e48492900, 0x0000018e484901f0,
0x0000018e484938a0, 0x0000018e48495010, 0x0000018e484957e0, 0x0000018e48735c50,
0x0000018e48737b90, 0x0000018e487344e0, 0x0000018e47a33bd0
}

Java Threads: ( => current thread )
  0x0000018e2828e190 JavaThread "main"                              [_thread_blocked, id=30336, stack(0x0000002141400000,0x0000002141500000) (1024K)]
  0x0000018e3fe17db0 JavaThread "Common-Cleaner"             daemon [_thread_blocked, id=20692, stack(0x0000002141c00000,0x0000002141d00000) (1024K)]
  0x0000018e3fe50530 JavaThread "Reference Handler"          daemon [_thread_blocked, id=25368, stack(0x0000002141d00000,0x0000002141e00000) (1024K)]
  0x0000018e3fe52250 JavaThread "Finalizer"                  daemon [_thread_blocked, id=17372, stack(0x0000002141e00000,0x0000002141f00000) (1024K)]
  0x0000018e3fe37710 JavaThread "Signal Dispatcher"          daemon [_thread_blocked, id=20448, stack(0x0000002141f00000,0x0000002142000000) (1024K)]
  0x0000018e3fe53340 JavaThread "Attach Listener"            daemon [_thread_blocked, id=8572, stack(0x0000002142000000,0x0000002142100000) (1024K)]
  0x0000018e3fe5d550 JavaThread "Service Thread"             daemon [_thread_blocked, id=2124, stack(0x0000002142100000,0x0000002142200000) (1024K)]
  0x0000018e3fe5e110 JavaThread "Monitor Deflation Thread"   daemon [_thread_blocked, id=29984, stack(0x0000002142200000,0x0000002142300000) (1024K)]
  0x0000018e3fe64340 JavaThread "C2 CompilerThread0"         daemon [_thread_blocked, id=16476, stack(0x0000002142300000,0x0000002142400000) (1024K)]
  0x0000018e3fe6be80 JavaThread "C1 CompilerThread0"         daemon [_thread_blocked, id=26416, stack(0x0000002142400000,0x0000002142500000) (1024K)]
  0x0000018e44335c80 JavaThread "Notification Thread"        daemon [_thread_blocked, id=14664, stack(0x0000002142500000,0x0000002142600000) (1024K)]
  0x0000018e45528860 JavaThread "Daemon health stats"               [_thread_blocked, id=25972, stack(0x0000002142b00000,0x0000002142c00000) (1024K)]
  0x0000018e45b901d0 JavaThread "Incoming local TCP Connector on port 54861"        [_thread_in_native, id=31620, stack(0x0000002142c00000,0x0000002142d00000) (1024K)]
  0x0000018e463839f0 JavaThread "Daemon periodic checks"            [_thread_blocked, id=5672, stack(0x0000002142d00000,0x0000002142e00000) (1024K)]
  0x0000018e468a59a0 JavaThread "Daemon"                            [_thread_blocked, id=27024, stack(0x0000002142e00000,0x0000002142f00000) (1024K)]
  0x0000018e44160d50 JavaThread "Handler for socket connection from /127.0.0.1:54861 to /127.0.0.1:54862"        [_thread_in_native, id=30812, stack(0x0000002142f00000,0x0000002143000000) (1024K)]
  0x0000018e44507d40 JavaThread "Cancel handler"                    [_thread_blocked, id=18220, stack(0x0000002143300000,0x0000002143400000) (1024K)]
  0x0000018e4546d610 JavaThread "Daemon worker"                     [_thread_blocked, id=26420, stack(0x0000002143400000,0x0000002143500000) (1024K)]
  0x0000018e4546b6d0 JavaThread "Asynchronous log dispatcher for DefaultDaemonConnection: socket connection from /127.0.0.1:54861 to /127.0.0.1:54862"        [_thread_blocked, id=23004, stack(0x0000002143500000,0x0000002143600000) (1024K)]
  0x0000018e466a2060 JavaThread "Stdin handler"                     [_thread_blocked, id=152, stack(0x0000002143600000,0x0000002143700000) (1024K)]
  0x0000018e466a4770 JavaThread "Daemon client event forwarder"        [_thread_blocked, id=30004, stack(0x0000002143700000,0x0000002143800000) (1024K)]
  0x0000018e466a37d0 JavaThread "Cache worker for journal cache (C:\Users\sendh\.gradle\caches\journal-1)"        [_thread_blocked, id=28880, stack(0x0000002143800000,0x0000002143900000) (1024K)]
  0x0000018e466a4f40 JavaThread "File lock request listener"        [_thread_in_native, id=26464, stack(0x0000002143900000,0x0000002143a00000) (1024K)]
  0x0000018e466a5ee0 JavaThread "Cache worker for file hash cache (C:\Users\sendh\.gradle\caches\9.6.0\fileHashes)"        [_thread_blocked, id=18700, stack(0x0000002143a00000,0x0000002143b00000) (1024K)]
  0x0000018e466a5710 JavaThread "Cache worker for file hash cache (C:\Users\sendh\AndroidStudioProjects\SmartPantryManager2\.gradle\9.6.0\fileHashes)"        [_thread_blocked, id=21812, stack(0x0000002143b00000,0x0000002143c00000) (1024K)]
  0x0000018e466a66b0 JavaThread "Cache worker for checksums cache (C:\Users\sendh\AndroidStudioProjects\SmartPantryManager2\.gradle\9.6.0\checksums)"        [_thread_blocked, id=17900, stack(0x0000002143c00000,0x0000002143d00000) (1024K)]
  0x0000018e466a85f0 JavaThread "Cache worker for Build Output Cleanup Cache (C:\Users\sendh\AndroidStudioProjects\SmartPantryManager2\.gradle\buildOutputCleanup)"        [_thread_blocked, id=21820, stack(0x0000002143d00000,0x0000002143e00000) (1024K)]
  0x0000018e47048350 JavaThread "Cache worker for file content cache (C:\Users\sendh\.gradle\caches\9.6.0\fileContent)"        [_thread_blocked, id=22412, stack(0x0000002143e00000,0x0000002143f00000) (1024K)]
  0x0000018e4704b230 JavaThread "File watcher server"        daemon [_thread_blocked, id=26400, stack(0x0000002143f00000,0x0000002144000000) (1024K)]
  0x0000018e4704ba00 JavaThread "File watcher consumer"      daemon [_thread_blocked, id=20612, stack(0x0000002144000000,0x0000002144100000) (1024K)]
  0x0000018e470492f0 JavaThread "Cache worker for cache directory md-supplier (C:\Users\sendh\.gradle\caches\9.6.0\md-supplier)"        [_thread_blocked, id=23244, stack(0x0000002144100000,0x0000002144200000) (1024K)]
  0x0000018e4704aa60 JavaThread "Cache worker for cache directory md-rule (C:\Users\sendh\.gradle\caches\9.6.0\md-rule)"        [_thread_blocked, id=2372, stack(0x0000002144200000,0x0000002144300000) (1024K)]
  0x0000018e473c0cd0 JavaThread "build event listener"              [_thread_blocked, id=18444, stack(0x0000002144400000,0x0000002144500000) (1024K)]
  0x0000018e473c5320 JavaThread "build event listener"              [_thread_blocked, id=9212, stack(0x0000002144500000,0x0000002144600000) (1024K)]
  0x0000018e473c3bb0 JavaThread "build event listener"              [_thread_blocked, id=24228, stack(0x0000002144600000,0x0000002144700000) (1024K)]
  0x0000018e473c33e0 JavaThread "Build operations"                  [_thread_blocked, id=11832, stack(0x0000002144700000,0x0000002144800000) (1024K)]
  0x0000018e473c1c70 JavaThread "Memory manager"                    [_thread_blocked, id=4368, stack(0x0000002144300000,0x0000002144400000) (1024K)]
  0x0000018e4a7c2fb0 JavaThread "included builds"                   [_thread_blocked, id=22112, stack(0x0000002144800000,0x0000002144900000) (1024K)]
  0x0000018e4a7c00d0 JavaThread "Execution worker"                  [_thread_blocked, id=2840, stack(0x0000002144900000,0x0000002144a00000) (1024K)]
  0x0000018e4a7c2010 JavaThread "Execution worker Thread 2"         [_thread_blocked, id=17764, stack(0x0000002144a00000,0x0000002144b00000) (1024K)]
  0x0000018e4a7c3f50 JavaThread "Execution worker Thread 3"         [_thread_blocked, id=25232, stack(0x0000002144b00000,0x0000002144c00000) (1024K)]
  0x0000018e4a7c4720 JavaThread "Execution worker Thread 4"         [_thread_blocked, id=31468, stack(0x0000002144c00000,0x0000002144d00000) (1024K)]
  0x0000018e4a7c4ef0 JavaThread "Execution worker Thread 5"         [_thread_blocked, id=18760, stack(0x0000002144d00000,0x0000002144e00000) (1024K)]
  0x0000018e4a7c56c0 JavaThread "Execution worker Thread 6"         [_thread_blocked, id=28132, stack(0x0000002144e00000,0x0000002144f00000) (1024K)]
  0x0000018e4a7c6e30 JavaThread "Execution worker Thread 7"         [_thread_blocked, id=22680, stack(0x0000002144f00000,0x0000002145000000) (1024K)]
  0x0000018e48bcf700 JavaThread "Cache worker for execution history cache (C:\Users\sendh\AndroidStudioProjects\SmartPantryManager2\.gradle\9.6.0\executionHistory)"        [_thread_blocked, id=10068, stack(0x0000002145000000,0x0000002145100000) (1024K)]
  0x0000018e48bcd7c0 JavaThread "Build operations Thread 2"         [_thread_blocked, id=31728, stack(0x0000002145100000,0x0000002145200000) (1024K)]
  0x0000018e48bce760 JavaThread "Build operations Thread 3"         [_thread_blocked, id=31508, stack(0x0000002145200000,0x0000002145300000) (1024K)]
  0x0000018e48bccff0 JavaThread "Build operations Thread 4"         [_thread_blocked, id=22316, stack(0x0000002145300000,0x0000002145400000) (1024K)]
  0x0000018e48bcef30 JavaThread "Build operations Thread 5"         [_thread_blocked, id=26672, stack(0x0000002145400000,0x0000002145500000) (1024K)]
  0x0000018e48bd3580 JavaThread "Build operations Thread 6"         [_thread_blocked, id=27876, stack(0x0000002145500000,0x0000002145600000) (1024K)]
  0x0000018e48bd0e70 JavaThread "Build operations Thread 7"         [_thread_blocked, id=13972, stack(0x0000002145600000,0x0000002145700000) (1024K)]
  0x0000018e48bd1e10 JavaThread "Build operations Thread 8"         [_thread_blocked, id=26532, stack(0x0000002145700000,0x0000002145800000) (1024K)]
  0x0000018e48ca3a40 JavaThread "pool-2-thread-1"                   [_thread_blocked, id=7208, stack(0x0000002145900000,0x0000002145a00000) (1024K)]
  0x0000018e48ca6920 JavaThread "WorkerExecutor Queue Thread 2"        [_thread_blocked, id=27680, stack(0x0000002145c00000,0x0000002145d00000) (1024K)]
  0x0000018e48ca70f0 JavaThread "WorkerExecutor Queue Thread 3"        [_thread_blocked, id=20624, stack(0x0000002145d00000,0x0000002145e00000) (1024K)]
  0x0000018e4704c9a0 JavaThread "WorkerExecutor Queue Thread 4"        [_thread_blocked, id=10324, stack(0x0000002145e00000,0x0000002145f00000) (1024K)]
  0x0000018e4967e900 JavaThread "WorkerExecutor Queue Thread 5"        [_thread_blocked, id=3868, stack(0x0000002145f00000,0x0000002146000000) (1024K)]
  0x0000018e4967ba20 JavaThread "WorkerExecutor Queue Thread 6"        [_thread_blocked, id=12700, stack(0x0000002146000000,0x0000002146100000) (1024K)]
  0x0000018e4967c9c0 JavaThread "WorkerExecutor Queue Thread 7"        [_thread_blocked, id=11772, stack(0x0000002146100000,0x0000002146200000) (1024K)]
  0x0000018e48491960 JavaThread "WorkerExecutor Queue Thread 8"        [_thread_blocked, id=27048, stack(0x0000002146200000,0x0000002146300000) (1024K)]
  0x0000018e4848e2b0 JavaThread "WorkerExecutor Queue Thread 9"        [_thread_blocked, id=15224, stack(0x0000002146300000,0x0000002146400000) (1024K)]
  0x0000018e48492900 JavaThread "ForkJoinPool-1-worker-1"    daemon [_thread_blocked, id=16240, stack(0x0000002146400000,0x0000002146500000) (1024K)]
  0x0000018e484901f0 JavaThread "ForkJoinPool-1-worker-2"    daemon [_thread_blocked, id=16508, stack(0x0000002146500000,0x0000002146600000) (1024K)]
  0x0000018e484938a0 JavaThread "ForkJoinPool-1-worker-3"    daemon [_thread_blocked, id=364, stack(0x0000002146600000,0x0000002146700000) (1024K)]
  0x0000018e48495010 JavaThread "ForkJoinPool-1-worker-4"    daemon [_thread_blocked, id=21892, stack(0x0000002146700000,0x0000002146800000) (1024K)]
  0x0000018e484957e0 JavaThread "ForkJoinPool-1-worker-5"    daemon [_thread_blocked, id=18800, stack(0x0000002146800000,0x0000002146900000) (1024K)]
  0x0000018e48735c50 JavaThread "ForkJoinPool-1-worker-6"    daemon [_thread_blocked, id=26676, stack(0x0000002146900000,0x0000002146a00000) (1024K)]
  0x0000018e48737b90 JavaThread "ForkJoinPool-1-worker-7"    daemon [_thread_blocked, id=25856, stack(0x0000002146a00000,0x0000002146b00000) (1024K)]
  0x0000018e487344e0 JavaThread "ForkJoinPool-1-worker-8"    daemon [_thread_blocked, id=29524, stack(0x0000002146b00000,0x0000002146c00000) (1024K)]
  0x0000018e47a33bd0 JavaThread "C2 CompilerThread1"         daemon [_thread_blocked, id=16640, stack(0x0000002145800000,0x0000002145900000) (1024K)]
Total: 71

Other Threads:
=>0x0000018e3fdcf3b0 VMThread "VM Thread"                           [id=31016, stack(0x0000002141b00000,0x0000002141c00000) (1024K)]
  0x0000018e3fdae180 WatcherThread "VM Periodic Task Thread"        [id=30328, stack(0x0000002141a00000,0x0000002141b00000) (1024K)]
  0x0000018e282ec160 WorkerThread "GC Thread#0"                     [id=27576, stack(0x0000002141500000,0x0000002141600000) (1024K)]
  0x0000018e453e8470 WorkerThread "GC Thread#1"                     [id=31400, stack(0x0000002142600000,0x0000002142700000) (1024K)]
  0x0000018e4545cf00 WorkerThread "GC Thread#2"                     [id=22096, stack(0x0000002142700000,0x0000002142800000) (1024K)]
  0x0000018e4545d330 WorkerThread "GC Thread#3"                     [id=3636, stack(0x0000002142800000,0x0000002142900000) (1024K)]
  0x0000018e4545d760 WorkerThread "GC Thread#4"                     [id=22384, stack(0x0000002142900000,0x0000002142a00000) (1024K)]
  0x0000018e454628a0 WorkerThread "GC Thread#5"                     [id=15156, stack(0x0000002142a00000,0x0000002142b00000) (1024K)]
  0x0000018e45462cf0 WorkerThread "GC Thread#6"                     [id=10688, stack(0x0000002143000000,0x0000002143100000) (1024K)]
  0x0000018e45462000 WorkerThread "GC Thread#7"                     [id=25420, stack(0x0000002143100000,0x0000002143200000) (1024K)]
  0x0000018e283070c0 ConcurrentGCThread "G1 Main Marker"            [id=30172, stack(0x0000002141600000,0x0000002141700000) (1024K)]
  0x0000018e28307c60 WorkerThread "G1 Conc#0"                       [id=18456, stack(0x0000002141700000,0x0000002141800000) (1024K)]
  0x0000018e454646d0 WorkerThread "G1 Conc#1"                       [id=9496, stack(0x0000002143200000,0x0000002143300000) (1024K)]
  0x0000018e2834d8e0 ConcurrentGCThread "G1 Refine#0"               [id=16256, stack(0x0000002141800000,0x0000002141900000) (1024K)]
  0x0000018e3fc82c00 ConcurrentGCThread "G1 Service"                [id=17276, stack(0x0000002141900000,0x0000002141a00000) (1024K)]
Total: 15

Threads with active compile tasks:
C2 CompilerThread0  28769 10571       4       com.android.tools.r8.graph.s7::<init> (295 bytes)
C2 CompilerThread1  28770 10680       4       com.android.tools.r8.internal.tu::a (4509 bytes)
Total: 2

VM state: at safepoint (normal execution)

VM Mutex/Monitor currently owned by a thread:  ([mutex/lock_event])
[0x00007ffa6b1f7928] Threads_lock - owner thread: 0x0000018e3fdcf3b0
[0x00007ffa6b1f7aa8] Heap_lock - owner thread: 0x0000018e487344e0

Heap address: 0x0000000080000000, size: 2048 MB, Compressed Oops mode: 32-bit

CDS archive(s) not mapped
Compressed class space mapped at: 0x0000000034000000-0x0000000074000000, reserved size: 1073741824
UseCompressedClassPointers 1, UseCompactObjectHeaders 0
Narrow klass pointer bits 32, Max shift 3
Narrow klass base: 0x0000000000000000, Narrow klass shift: 0
Encoding Range: [0x0000000000000000 - 0x0000000100000000), (4294967296 bytes)
Klass Range:    [0x0000000034000000 - 0x0000000074000000), (1073741824 bytes)
Klass ID Range:  [872415232 - 1946157049) (1073741817)
No protection zone.

GC Precious Log:
 CardTable entry size: 512
 Card Set container configuration: InlinePtr #cards 5 size 8 Array Of Cards #cards 10 size 36 Howl #buckets 4 coarsen threshold 1843 Howl Bitmap #cards 512 size 80 coarsen threshold 460 Card regions per heap region 1 cards per card region 2048
 CPUs: 8 total, 8 available
 Memory: 5877M
 Large Page Support: Disabled
 NUMA Support: Disabled
 Compressed Oops: Enabled (32-bit)
 Heap Region Size: 1M
 Heap Min Capacity: 8M
 Heap Initial Capacity: 92M
 Heap Max Capacity: 2G
 Pre-touch: Disabled
 Parallel Workers: 8
 Concurrent Workers: 2
 Concurrent Refinement Workers: 8
 Periodic GC: Disabled

Heap:
 garbage-first heap   total reserved 2097152K, committed 208896K, used 150403K [0x0000000080000000, 0x0000000100000000)
  region size 1024K, 5 young (5120K), 5 survivors (5120K)

Heap Regions: E=young(eden), S=young(survivor), O=old, HS=humongous(starts), HC=humongous(continues), CS=collection set, F=free, TAMS=top-at-mark-start, PB=parsable bottom
|   0|0x0000000080000000, 0x0000000080100000, 0x0000000080100000|100%|HS|  |TAMS 0x0000000080100000| PB 0x0000000080000000| Complete |  0
|   1|0x0000000080100000, 0x0000000080200000, 0x0000000080200000|100%|HC|  |TAMS 0x0000000080200000| PB 0x0000000080100000| Complete |  0
|   2|0x0000000080200000, 0x0000000080300000, 0x0000000080300000|100%|HC|  |TAMS 0x0000000080300000| PB 0x0000000080200000| Complete |  0
|   3|0x0000000080300000, 0x0000000080400000, 0x0000000080400000|100%|HC|  |TAMS 0x0000000080400000| PB 0x0000000080300000| Complete |  0
|   4|0x0000000080400000, 0x0000000080500000, 0x0000000080500000|100%| O|  |TAMS 0x0000000080500000| PB 0x0000000080400000| Untracked |  0
|   5|0x0000000080500000, 0x0000000080600000, 0x0000000080600000|100%| O|  |TAMS 0x0000000080600000| PB 0x0000000080500000| Untracked |  0
|   6|0x0000000080600000, 0x0000000080700000, 0x0000000080700000|100%| O|  |TAMS 0x0000000080700000| PB 0x0000000080600000| Untracked |  0
|   7|0x0000000080700000, 0x0000000080800000, 0x0000000080800000|100%|HS|  |TAMS 0x0000000080800000| PB 0x0000000080700000| Complete |  0
|   8|0x0000000080800000, 0x0000000080900000, 0x0000000080900000|100%| O|  |TAMS 0x0000000080900000| PB 0x0000000080800000| Untracked |  0
|   9|0x0000000080900000, 0x0000000080a00000, 0x0000000080a00000|100%| O|  |TAMS 0x0000000080a00000| PB 0x0000000080900000| Untracked |  0
|  10|0x0000000080a00000, 0x0000000080b00000, 0x0000000080b00000|100%| O|  |TAMS 0x0000000080b00000| PB 0x0000000080a00000| Untracked |  0
|  11|0x0000000080b00000, 0x0000000080c00000, 0x0000000080c00000|100%| O|  |TAMS 0x0000000080c00000| PB 0x0000000080b00000| Untracked |  0
|  12|0x0000000080c00000, 0x0000000080d00000, 0x0000000080d00000|100%| O|  |TAMS 0x0000000080d00000| PB 0x0000000080c00000| Untracked |  0
|  13|0x0000000080d00000, 0x0000000080e00000, 0x0000000080e00000|100%| O|  |TAMS 0x0000000080e00000| PB 0x0000000080d00000| Untracked |  0
|  14|0x0000000080e00000, 0x0000000080f00000, 0x0000000080f00000|100%|HS|  |TAMS 0x0000000080f00000| PB 0x0000000080e00000| Complete |  0
|  15|0x0000000080f00000, 0x0000000081000000, 0x0000000081000000|100%| O|  |TAMS 0x0000000081000000| PB 0x0000000080f00000| Untracked |  0
|  16|0x0000000081000000, 0x0000000081100000, 0x0000000081100000|100%| O|  |TAMS 0x0000000081100000| PB 0x0000000081000000| Untracked |  0
|  17|0x0000000081100000, 0x0000000081200000, 0x0000000081200000|100%| O|  |TAMS 0x0000000081200000| PB 0x0000000081100000| Untracked |  0
|  18|0x0000000081200000, 0x0000000081300000, 0x0000000081300000|100%| O|  |TAMS 0x0000000081300000| PB 0x0000000081200000| Untracked |  0
|  19|0x0000000081300000, 0x0000000081400000, 0x0000000081400000|100%| O|  |TAMS 0x0000000081400000| PB 0x0000000081300000| Untracked |  0
|  20|0x0000000081400000, 0x0000000081500000, 0x0000000081500000|100%| O|  |TAMS 0x0000000081500000| PB 0x0000000081400000| Untracked |  0
|  21|0x0000000081500000, 0x0000000081600000, 0x0000000081600000|100%|HS|  |TAMS 0x0000000081600000| PB 0x0000000081500000| Complete |  0
|  22|0x0000000081600000, 0x0000000081700000, 0x0000000081700000|100%| O|  |TAMS 0x0000000081700000| PB 0x0000000081600000| Untracked |  0
|  23|0x0000000081700000, 0x0000000081800000, 0x0000000081800000|100%| O|  |TAMS 0x0000000081800000| PB 0x0000000081700000| Untracked |  0
|  24|0x0000000081800000, 0x0000000081900000, 0x0000000081900000|100%| O|  |TAMS 0x0000000081900000| PB 0x0000000081800000| Untracked |  0
|  25|0x0000000081900000, 0x0000000081a00000, 0x0000000081a00000|100%| O|  |TAMS 0x0000000081a00000| PB 0x0000000081900000| Untracked |  0
|  26|0x0000000081a00000, 0x0000000081b00000, 0x0000000081b00000|100%| O|  |TAMS 0x0000000081b00000| PB 0x0000000081a00000| Untracked |  0
|  27|0x0000000081b00000, 0x0000000081c00000, 0x0000000081c00000|100%| O|  |TAMS 0x0000000081c00000| PB 0x0000000081b00000| Untracked |  0
|  28|0x0000000081c00000, 0x0000000081d00000, 0x0000000081d00000|100%|HS|  |TAMS 0x0000000081d00000| PB 0x0000000081c00000| Complete |  0
|  29|0x0000000081d00000, 0x0000000081e00000, 0x0000000081e00000|100%|HS|  |TAMS 0x0000000081e00000| PB 0x0000000081d00000| Complete |  0
|  30|0x0000000081e00000, 0x0000000081f00000, 0x0000000081f00000|100%|HS|  |TAMS 0x0000000081f00000| PB 0x0000000081e00000| Complete |  0
|  31|0x0000000081f00000, 0x0000000082000000, 0x0000000082000000|100%|HC|  |TAMS 0x0000000082000000| PB 0x0000000081f00000| Complete |  0
|  32|0x0000000082000000, 0x0000000082100000, 0x0000000082100000|100%|HS|  |TAMS 0x0000000082100000| PB 0x0000000082000000| Complete |  0
|  33|0x0000000082100000, 0x0000000082200000, 0x0000000082200000|100%|HS|  |TAMS 0x0000000082200000| PB 0x0000000082100000| Complete |  0
|  34|0x0000000082200000, 0x0000000082300000, 0x0000000082300000|100%| O|  |TAMS 0x0000000082300000| PB 0x0000000082200000| Untracked |  0
|  35|0x0000000082300000, 0x0000000082400000, 0x0000000082400000|100%| O|  |TAMS 0x0000000082400000| PB 0x0000000082300000| Untracked |  0
|  36|0x0000000082400000, 0x0000000082500000, 0x0000000082500000|100%| O|  |TAMS 0x0000000082500000| PB 0x0000000082400000| Untracked |  0
|  37|0x0000000082500000, 0x0000000082600000, 0x0000000082600000|100%|HS|  |TAMS 0x0000000082600000| PB 0x0000000082500000| Complete |  0
|  38|0x0000000082600000, 0x0000000082700000, 0x0000000082700000|100%|HC|  |TAMS 0x0000000082700000| PB 0x0000000082600000| Complete |  0
|  39|0x0000000082700000, 0x0000000082800000, 0x0000000082800000|100%| O|  |TAMS 0x0000000082800000| PB 0x0000000082700000| Untracked |  0
|  40|0x0000000082800000, 0x0000000082900000, 0x0000000082900000|100%| O|  |TAMS 0x0000000082900000| PB 0x0000000082800000| Untracked |  0
|  41|0x0000000082900000, 0x0000000082a00000, 0x0000000082a00000|100%| O|  |TAMS 0x0000000082a00000| PB 0x0000000082900000| Untracked |  0
|  42|0x0000000082a00000, 0x0000000082b00000, 0x0000000082b00000|100%|HS|  |TAMS 0x0000000082b00000| PB 0x0000000082a00000| Complete |  0
|  43|0x0000000082b00000, 0x0000000082c00000, 0x0000000082c00000|100%| O|  |TAMS 0x0000000082c00000| PB 0x0000000082b00000| Untracked |  0
|  44|0x0000000082c00000, 0x0000000082d00000, 0x0000000082d00000|100%| O|  |TAMS 0x0000000082d00000| PB 0x0000000082c00000| Untracked |  0
|  45|0x0000000082d00000, 0x0000000082e00000, 0x0000000082e00000|100%| O|  |TAMS 0x0000000082e00000| PB 0x0000000082d00000| Untracked |  0
|  46|0x0000000082e00000, 0x0000000082f00000, 0x0000000082f00000|100%| O|  |TAMS 0x0000000082f00000| PB 0x0000000082e00000| Untracked |  0
|  47|0x0000000082f00000, 0x0000000083000000, 0x0000000083000000|100%| O|  |TAMS 0x0000000083000000| PB 0x0000000082f00000| Untracked |  0
|  48|0x0000000083000000, 0x0000000083100000, 0x0000000083100000|100%| O|  |TAMS 0x0000000083100000| PB 0x0000000083000000| Untracked |  0
|  49|0x0000000083100000, 0x0000000083200000, 0x0000000083200000|100%|HS|  |TAMS 0x0000000083200000| PB 0x0000000083100000| Complete |  0
|  50|0x0000000083200000, 0x0000000083300000, 0x0000000083300000|100%| O|  |TAMS 0x0000000083300000| PB 0x0000000083200000| Untracked |  0
|  51|0x0000000083300000, 0x0000000083400000, 0x0000000083400000|100%| O|  |TAMS 0x0000000083400000| PB 0x0000000083300000| Untracked |  0
|  52|0x0000000083400000, 0x0000000083500000, 0x0000000083500000|100%| O|  |TAMS 0x0000000083500000| PB 0x0000000083400000| Untracked |  0
|  53|0x0000000083500000, 0x0000000083600000, 0x0000000083600000|100%| O|  |TAMS 0x0000000083600000| PB 0x0000000083500000| Untracked |  0
|  54|0x0000000083600000, 0x0000000083700000, 0x0000000083700000|100%| O|  |TAMS 0x0000000083700000| PB 0x0000000083600000| Untracked |  0
|  55|0x0000000083700000, 0x0000000083800000, 0x0000000083800000|100%| O|  |TAMS 0x0000000083800000| PB 0x0000000083700000| Untracked |  0
|  56|0x0000000083800000, 0x0000000083900000, 0x0000000083900000|100%| O|  |TAMS 0x0000000083900000| PB 0x0000000083800000| Untracked |  0
|  57|0x0000000083900000, 0x0000000083a00000, 0x0000000083a00000|100%| O|  |TAMS 0x0000000083a00000| PB 0x0000000083900000| Untracked |  0
|  58|0x0000000083a00000, 0x0000000083b00000, 0x0000000083b00000|100%| O|  |TAMS 0x0000000083b00000| PB 0x0000000083a00000| Untracked |  0
|  59|0x0000000083b00000, 0x0000000083c00000, 0x0000000083c00000|100%| O|  |TAMS 0x0000000083c00000| PB 0x0000000083b00000| Untracked |  0
|  60|0x0000000083c00000, 0x0000000083d00000, 0x0000000083d00000|100%| O|  |TAMS 0x0000000083d00000| PB 0x0000000083c00000| Untracked |  0
|  61|0x0000000083d00000, 0x0000000083e00000, 0x0000000083e00000|100%| O|  |TAMS 0x0000000083e00000| PB 0x0000000083d00000| Untracked |  0
|  62|0x0000000083e00000, 0x0000000083f00000, 0x0000000083f00000|100%| O|  |TAMS 0x0000000083f00000| PB 0x0000000083e00000| Untracked |  0
|  63|0x0000000083f00000, 0x0000000084000000, 0x0000000084000000|100%| O|  |TAMS 0x0000000084000000| PB 0x0000000083f00000| Untracked |  0
|  64|0x0000000084000000, 0x0000000084100000, 0x0000000084100000|100%| O|  |TAMS 0x0000000084100000| PB 0x0000000084000000| Untracked |  0
|  65|0x0000000084100000, 0x0000000084200000, 0x0000000084200000|100%| O|  |TAMS 0x0000000084200000| PB 0x0000000084100000| Untracked |  0
|  66|0x0000000084200000, 0x0000000084300000, 0x0000000084300000|100%| O|  |TAMS 0x0000000084300000| PB 0x0000000084200000| Untracked |  0
|  67|0x0000000084300000, 0x0000000084400000, 0x0000000084400000|100%|HS|  |TAMS 0x0000000084400000| PB 0x0000000084300000| Complete |  0
|  68|0x0000000084400000, 0x0000000084500000, 0x0000000084500000|100%|HC|  |TAMS 0x0000000084500000| PB 0x0000000084400000| Complete |  0
|  69|0x0000000084500000, 0x0000000084600000, 0x0000000084600000|100%| O|  |TAMS 0x0000000084600000| PB 0x0000000084500000| Untracked |  0
|  70|0x0000000084600000, 0x0000000084700000, 0x0000000084700000|100%| O|  |TAMS 0x0000000084700000| PB 0x0000000084600000| Untracked |  0
|  71|0x0000000084700000, 0x0000000084800000, 0x0000000084800000|100%| O|  |TAMS 0x0000000084800000| PB 0x0000000084700000| Untracked |  0
|  72|0x0000000084800000, 0x0000000084900000, 0x0000000084900000|100%| O|  |TAMS 0x0000000084900000| PB 0x0000000084800000| Untracked |  0
|  73|0x0000000084900000, 0x0000000084a00000, 0x0000000084a00000|100%| O|  |TAMS 0x0000000084a00000| PB 0x0000000084900000| Untracked |  0
|  74|0x0000000084a00000, 0x0000000084b00000, 0x0000000084b00000|100%| O|  |TAMS 0x0000000084b00000| PB 0x0000000084a00000| Untracked |  0
|  75|0x0000000084b00000, 0x0000000084c00000, 0x0000000084c00000|100%| O|  |TAMS 0x0000000084c00000| PB 0x0000000084b00000| Untracked |  0
|  76|0x0000000084c00000, 0x0000000084d00000, 0x0000000084d00000|100%| O|  |TAMS 0x0000000084d00000| PB 0x0000000084c00000| Untracked |  0
|  77|0x0000000084d00000, 0x0000000084e00000, 0x0000000084e00000|100%| O|  |TAMS 0x0000000084d00000| PB 0x0000000084d00000| Untracked |  0
|  78|0x0000000084e00000, 0x0000000084f00000, 0x0000000084f00000|100%| O|  |TAMS 0x0000000084e00000| PB 0x0000000084e00000| Untracked |  0
|  79|0x0000000084f00000, 0x0000000085000000, 0x0000000085000000|100%| O|  |TAMS 0x0000000085000000| PB 0x0000000084f00000| Untracked |  0
|  80|0x0000000085000000, 0x0000000085100000, 0x0000000085100000|100%| O|  |TAMS 0x0000000085100000| PB 0x0000000085000000| Untracked |  0
|  81|0x0000000085100000, 0x0000000085200000, 0x0000000085200000|100%| O|  |TAMS 0x0000000085200000| PB 0x0000000085100000| Untracked |  0
|  82|0x0000000085200000, 0x0000000085300000, 0x0000000085300000|100%| O|  |TAMS 0x0000000085300000| PB 0x0000000085200000| Untracked |  0
|  83|0x0000000085300000, 0x0000000085400000, 0x0000000085400000|100%| O|  |TAMS 0x0000000085400000| PB 0x0000000085300000| Untracked |  0
|  84|0x0000000085400000, 0x0000000085500000, 0x0000000085500000|100%| O|  |TAMS 0x0000000085500000| PB 0x0000000085400000| Untracked |  0
|  85|0x0000000085500000, 0x0000000085600000, 0x0000000085600000|100%| O|  |TAMS 0x0000000085600000| PB 0x0000000085500000| Untracked |  0
|  86|0x0000000085600000, 0x0000000085700000, 0x0000000085700000|100%| O|  |TAMS 0x0000000085700000| PB 0x0000000085600000| Untracked |  0
|  87|0x0000000085700000, 0x0000000085800000, 0x0000000085800000|100%| O|  |TAMS 0x0000000085800000| PB 0x0000000085700000| Untracked |  0
|  88|0x0000000085800000, 0x0000000085900000, 0x0000000085900000|100%| O|  |TAMS 0x0000000085900000| PB 0x0000000085800000| Untracked |  0
|  89|0x0000000085900000, 0x0000000085a00000, 0x0000000085a00000|100%| O|  |TAMS 0x0000000085a00000| PB 0x0000000085900000| Untracked |  0
|  90|0x0000000085a00000, 0x0000000085b00000, 0x0000000085b00000|100%| O|  |TAMS 0x0000000085b00000| PB 0x0000000085a00000| Untracked |  0
|  91|0x0000000085b00000, 0x0000000085c00000, 0x0000000085c00000|100%| O|  |TAMS 0x0000000085c00000| PB 0x0000000085b00000| Untracked |  0
|  92|0x0000000085c00000, 0x0000000085d00000, 0x0000000085d00000|100%| O|  |TAMS 0x0000000085d00000| PB 0x0000000085c00000| Untracked |  0
|  93|0x0000000085d00000, 0x0000000085e00000, 0x0000000085e00000|100%| O|  |TAMS 0x0000000085e00000| PB 0x0000000085d00000| Untracked |  0
|  94|0x0000000085e00000, 0x0000000085f00000, 0x0000000085f00000|100%| O|  |TAMS 0x0000000085f00000| PB 0x0000000085e00000| Untracked |  0
|  95|0x0000000085f00000, 0x0000000086000000, 0x0000000086000000|100%| O|  |TAMS 0x0000000086000000| PB 0x0000000085f00000| Untracked |  0
|  96|0x0000000086000000, 0x0000000086100000, 0x0000000086100000|100%| O|  |TAMS 0x0000000086100000| PB 0x0000000086000000| Untracked |  0
|  97|0x0000000086100000, 0x0000000086200000, 0x0000000086200000|100%| O|  |TAMS 0x0000000086200000| PB 0x0000000086100000| Untracked |  0
|  98|0x0000000086200000, 0x0000000086300000, 0x0000000086300000|100%| O|  |TAMS 0x0000000086300000| PB 0x0000000086200000| Untracked |  0
|  99|0x0000000086300000, 0x0000000086400000, 0x0000000086400000|100%| O|  |TAMS 0x0000000086400000| PB 0x0000000086300000| Untracked |  0
| 100|0x0000000086400000, 0x0000000086500000, 0x0000000086500000|100%| O|  |TAMS 0x0000000086500000| PB 0x0000000086400000| Untracked |  0
| 101|0x0000000086500000, 0x0000000086600000, 0x0000000086600000|100%| O|  |TAMS 0x0000000086600000| PB 0x0000000086500000| Untracked |  0
| 102|0x0000000086600000, 0x0000000086700000, 0x0000000086700000|100%| O|  |TAMS 0x0000000086700000| PB 0x0000000086600000| Untracked |  0
| 103|0x0000000086700000, 0x0000000086800000, 0x0000000086800000|100%| O|  |TAMS 0x0000000086800000| PB 0x0000000086700000| Untracked |  0
| 104|0x0000000086800000, 0x0000000086900000, 0x0000000086900000|100%| O|  |TAMS 0x0000000086900000| PB 0x0000000086800000| Untracked |  0
| 105|0x0000000086900000, 0x0000000086a00000, 0x0000000086a00000|100%| O|  |TAMS 0x0000000086a00000| PB 0x0000000086900000| Untracked |  0
| 106|0x0000000086a00000, 0x0000000086b00000, 0x0000000086b00000|100%| O|  |TAMS 0x0000000086b00000| PB 0x0000000086a00000| Untracked |  0
| 107|0x0000000086b00000, 0x0000000086c00000, 0x0000000086c00000|100%| O|  |TAMS 0x0000000086c00000| PB 0x0000000086b00000| Untracked |  0
| 108|0x0000000086c00000, 0x0000000086d00000, 0x0000000086d00000|100%| O|  |TAMS 0x0000000086d00000| PB 0x0000000086c00000| Untracked |  0
| 109|0x0000000086d00000, 0x0000000086e00000, 0x0000000086e00000|100%| O|  |TAMS 0x0000000086e00000| PB 0x0000000086d00000| Untracked |  0
| 110|0x0000000086e00000, 0x0000000086f00000, 0x0000000086f00000|100%| O|  |TAMS 0x0000000086f00000| PB 0x0000000086e00000| Untracked |  0
| 111|0x0000000086f00000, 0x0000000087000000, 0x0000000087000000|100%| O|  |TAMS 0x0000000087000000| PB 0x0000000086f00000| Untracked |  0
| 112|0x0000000087000000, 0x0000000087100000, 0x0000000087100000|100%| O|  |TAMS 0x0000000087100000| PB 0x0000000087000000| Untracked |  0
| 113|0x0000000087100000, 0x0000000087200000, 0x0000000087200000|100%| O|  |TAMS 0x0000000087200000| PB 0x0000000087100000| Untracked |  0
| 114|0x0000000087200000, 0x0000000087300000, 0x0000000087300000|100%|HS|  |TAMS 0x0000000087300000| PB 0x0000000087200000| Complete |  0
| 115|0x0000000087300000, 0x0000000087400000, 0x0000000087400000|100%|HS|  |TAMS 0x0000000087400000| PB 0x0000000087300000| Complete |  0
| 116|0x0000000087400000, 0x0000000087500000, 0x0000000087500000|100%| O|  |TAMS 0x0000000087500000| PB 0x0000000087400000| Untracked |  0
| 117|0x0000000087500000, 0x0000000087600000, 0x0000000087600000|100%| O|  |TAMS 0x0000000087600000| PB 0x0000000087500000| Untracked |  0
| 118|0x0000000087600000, 0x0000000087700000, 0x0000000087700000|100%| O|  |TAMS 0x0000000087700000| PB 0x0000000087600000| Untracked |  0
| 119|0x0000000087700000, 0x0000000087800000, 0x0000000087800000|100%| O|  |TAMS 0x0000000087800000| PB 0x0000000087700000| Untracked |  0
| 120|0x0000000087800000, 0x0000000087900000, 0x0000000087900000|100%| O|  |TAMS 0x0000000087900000| PB 0x0000000087800000| Untracked |  0
| 121|0x0000000087900000, 0x0000000087a00000, 0x0000000087a00000|100%| O|  |TAMS 0x0000000087a00000| PB 0x0000000087900000| Untracked |  0
| 122|0x0000000087a00000, 0x0000000087b00000, 0x0000000087b00000|100%| O|  |TAMS 0x0000000087b00000| PB 0x0000000087a00000| Untracked |  0
| 123|0x0000000087b00000, 0x0000000087c00000, 0x0000000087c00000|100%| O|  |TAMS 0x0000000087c00000| PB 0x0000000087b00000| Untracked |  0
| 124|0x0000000087c00000, 0x0000000087d00000, 0x0000000087d00000|100%| O|  |TAMS 0x0000000087d00000| PB 0x0000000087c00000| Untracked |  0
| 125|0x0000000087d00000, 0x0000000087e00000, 0x0000000087e00000|100%| O|  |TAMS 0x0000000087e00000| PB 0x0000000087d00000| Untracked |  0
| 126|0x0000000087e00000, 0x0000000087f00000, 0x0000000087f00000|100%| O|  |TAMS 0x0000000087f00000| PB 0x0000000087e00000| Untracked |  0
| 127|0x0000000087f00000, 0x0000000088000000, 0x0000000088000000|100%| O|  |TAMS 0x0000000088000000| PB 0x0000000087f00000| Untracked |  0
| 128|0x0000000088000000, 0x0000000088100000, 0x0000000088100000|100%| O|  |TAMS 0x0000000088000000| PB 0x0000000088000000| Untracked |  0
| 129|0x0000000088100000, 0x0000000088200000, 0x0000000088200000|100%| O|  |TAMS 0x0000000088100000| PB 0x0000000088100000| Untracked |  0
| 130|0x0000000088200000, 0x0000000088300000, 0x0000000088300000|100%| O|  |TAMS 0x0000000088200000| PB 0x0000000088200000| Untracked |  0
| 131|0x0000000088300000, 0x0000000088400000, 0x0000000088400000|100%| O|  |TAMS 0x0000000088300000| PB 0x0000000088300000| Untracked |  0
| 132|0x0000000088400000, 0x0000000088500000, 0x0000000088500000|100%| O|  |TAMS 0x0000000088400000| PB 0x0000000088400000| Untracked |  0
| 133|0x0000000088500000, 0x00000000885de340, 0x0000000088600000| 86%| O|  |TAMS 0x0000000088500000| PB 0x0000000088500000| Untracked |  0
| 134|0x0000000088600000, 0x0000000088600000, 0x0000000088700000|  0%| F|  |TAMS 0x0000000088600000| PB 0x0000000088600000| Untracked |  0
| 135|0x0000000088700000, 0x0000000088700000, 0x0000000088800000|  0%| F|  |TAMS 0x0000000088700000| PB 0x0000000088700000| Untracked |  0
| 136|0x0000000088800000, 0x0000000088800000, 0x0000000088900000|  0%| F|  |TAMS 0x0000000088800000| PB 0x0000000088800000| Untracked |  0
| 137|0x0000000088900000, 0x0000000088900000, 0x0000000088a00000|  0%| F|  |TAMS 0x0000000088900000| PB 0x0000000088900000| Untracked |  0
| 138|0x0000000088a00000, 0x0000000088a00000, 0x0000000088b00000|  0%| F|  |TAMS 0x0000000088a00000| PB 0x0000000088a00000| Untracked |  0
| 139|0x0000000088b00000, 0x0000000088b00000, 0x0000000088c00000|  0%| F|  |TAMS 0x0000000088b00000| PB 0x0000000088b00000| Untracked |  0
| 140|0x0000000088c00000, 0x0000000088c00000, 0x0000000088d00000|  0%| F|  |TAMS 0x0000000088c00000| PB 0x0000000088c00000| Untracked |  0
| 141|0x0000000088d00000, 0x0000000088d00000, 0x0000000088e00000|  0%| F|  |TAMS 0x0000000088d00000| PB 0x0000000088d00000| Untracked |  0
| 142|0x0000000088e00000, 0x0000000088e00000, 0x0000000088f00000|  0%| F|  |TAMS 0x0000000088e00000| PB 0x0000000088e00000| Untracked |  0
| 143|0x0000000088f00000, 0x0000000088f00000, 0x0000000089000000|  0%| F|  |TAMS 0x0000000088f00000| PB 0x0000000088f00000| Untracked |  0
| 144|0x0000000089000000, 0x0000000089000000, 0x0000000089100000|  0%| F|  |TAMS 0x0000000089000000| PB 0x0000000089000000| Untracked |  0
| 145|0x0000000089100000, 0x0000000089100000, 0x0000000089200000|  0%| F|  |TAMS 0x0000000089100000| PB 0x0000000089100000| Untracked |  0
| 146|0x0000000089200000, 0x0000000089200000, 0x0000000089300000|  0%| F|  |TAMS 0x0000000089200000| PB 0x0000000089200000| Untracked |  0
| 147|0x0000000089300000, 0x0000000089300000, 0x0000000089400000|  0%| F|  |TAMS 0x0000000089300000| PB 0x0000000089300000| Untracked |  0
| 148|0x0000000089400000, 0x0000000089400000, 0x0000000089500000|  0%| F|  |TAMS 0x0000000089400000| PB 0x0000000089400000| Untracked |  0
| 149|0x0000000089500000, 0x0000000089500000, 0x0000000089600000|  0%| F|  |TAMS 0x0000000089500000| PB 0x0000000089500000| Untracked |  0
| 150|0x0000000089600000, 0x0000000089600000, 0x0000000089700000|  0%| F|  |TAMS 0x0000000089600000| PB 0x0000000089600000| Untracked |  0
| 151|0x0000000089700000, 0x0000000089700000, 0x0000000089800000|  0%| F|  |TAMS 0x0000000089700000| PB 0x0000000089700000| Untracked |  0
| 152|0x0000000089800000, 0x0000000089800000, 0x0000000089900000|  0%| F|  |TAMS 0x0000000089800000| PB 0x0000000089800000| Untracked |  0
| 153|0x0000000089900000, 0x0000000089900000, 0x0000000089a00000|  0%| F|  |TAMS 0x0000000089900000| PB 0x0000000089900000| Untracked |  0
| 154|0x0000000089a00000, 0x0000000089a00000, 0x0000000089b00000|  0%| F|  |TAMS 0x0000000089a00000| PB 0x0000000089a00000| Untracked |  0
| 155|0x0000000089b00000, 0x0000000089b00000, 0x0000000089c00000|  0%| F|  |TAMS 0x0000000089b00000| PB 0x0000000089b00000| Untracked |  0
| 156|0x0000000089c00000, 0x0000000089c00000, 0x0000000089d00000|  0%| F|  |TAMS 0x0000000089c00000| PB 0x0000000089c00000| Untracked |  0
| 157|0x0000000089d00000, 0x0000000089d00000, 0x0000000089e00000|  0%| F|  |TAMS 0x0000000089d00000| PB 0x0000000089d00000| Untracked |  0
| 158|0x0000000089e00000, 0x0000000089e00000, 0x0000000089f00000|  0%| F|  |TAMS 0x0000000089e00000| PB 0x0000000089e00000| Untracked |  0
| 159|0x0000000089f00000, 0x0000000089f00000, 0x000000008a000000|  0%| F|  |TAMS 0x0000000089f00000| PB 0x0000000089f00000| Untracked |  0
| 160|0x000000008a000000, 0x000000008a000000, 0x000000008a100000|  0%| F|  |TAMS 0x000000008a000000| PB 0x000000008a000000| Untracked |  0
| 161|0x000000008a100000, 0x000000008a100000, 0x000000008a200000|  0%| F|  |TAMS 0x000000008a100000| PB 0x000000008a100000| Untracked |  0
| 162|0x000000008a200000, 0x000000008a200000, 0x000000008a300000|  0%| F|  |TAMS 0x000000008a200000| PB 0x000000008a200000| Untracked |  0
| 163|0x000000008a300000, 0x000000008a300000, 0x000000008a400000|  0%| F|  |TAMS 0x000000008a300000| PB 0x000000008a300000| Untracked |  0
| 164|0x000000008a400000, 0x000000008a400000, 0x000000008a500000|  0%| F|  |TAMS 0x000000008a400000| PB 0x000000008a400000| Untracked |  0
| 165|0x000000008a500000, 0x000000008a500000, 0x000000008a600000|  0%| F|  |TAMS 0x000000008a500000| PB 0x000000008a500000| Untracked |  0
| 166|0x000000008a600000, 0x000000008a600000, 0x000000008a700000|  0%| F|  |TAMS 0x000000008a600000| PB 0x000000008a600000| Untracked |  0
| 167|0x000000008a700000, 0x000000008a700000, 0x000000008a800000|  0%| F|  |TAMS 0x000000008a700000| PB 0x000000008a700000| Untracked |  0
| 168|0x000000008a800000, 0x000000008a800000, 0x000000008a900000|  0%| F|  |TAMS 0x000000008a800000| PB 0x000000008a800000| Untracked |  0
| 169|0x000000008a900000, 0x000000008a900000, 0x000000008aa00000|  0%| F|  |TAMS 0x000000008a900000| PB 0x000000008a900000| Untracked |  0
| 170|0x000000008aa00000, 0x000000008aa00000, 0x000000008ab00000|  0%| F|  |TAMS 0x000000008aa00000| PB 0x000000008aa00000| Untracked |  0
| 171|0x000000008ab00000, 0x000000008ab9a7a0, 0x000000008ac00000| 60%| S|CS|TAMS 0x000000008ab00000| PB 0x000000008ab00000| Complete |  0
| 172|0x000000008ac00000, 0x000000008ad00000, 0x000000008ad00000|100%| S|CS|TAMS 0x000000008ac00000| PB 0x000000008ac00000| Complete |  0
| 173|0x000000008ad00000, 0x000000008ae00000, 0x000000008ae00000|100%| S|CS|TAMS 0x000000008ad00000| PB 0x000000008ad00000| Complete |  0
| 174|0x000000008ae00000, 0x000000008af00000, 0x000000008af00000|100%| S|CS|TAMS 0x000000008ae00000| PB 0x000000008ae00000| Complete |  0
| 175|0x000000008af00000, 0x000000008b000000, 0x000000008b000000|100%| S|CS|TAMS 0x000000008af00000| PB 0x000000008af00000| Complete |  0
| 176|0x000000008b000000, 0x000000008b068378, 0x000000008b100000| 40%| O|Cr|TAMS 0x000000008b000000| PB 0x000000008b000000| Complete |  2
| 177|0x000000008b100000, 0x000000008b100000, 0x000000008b200000|  0%| F|  |TAMS 0x000000008b100000| PB 0x000000008b100000| Untracked |  0
| 178|0x000000008b200000, 0x000000008b200000, 0x000000008b300000|  0%| F|  |TAMS 0x000000008b200000| PB 0x000000008b200000| Untracked |  0
| 179|0x000000008b300000, 0x000000008b300000, 0x000000008b400000|  0%| F|  |TAMS 0x000000008b300000| PB 0x000000008b300000| Untracked |  0
| 180|0x000000008b400000, 0x000000008b400000, 0x000000008b500000|  0%| F|  |TAMS 0x000000008b400000| PB 0x000000008b400000| Untracked |  0
| 181|0x000000008b500000, 0x000000008b500000, 0x000000008b600000|  0%| F|  |TAMS 0x000000008b500000| PB 0x000000008b500000| Untracked |  0
| 182|0x000000008b600000, 0x000000008b600000, 0x000000008b700000|  0%| F|  |TAMS 0x000000008b600000| PB 0x000000008b600000| Untracked |  0
| 183|0x000000008b700000, 0x000000008b700000, 0x000000008b800000|  0%| F|  |TAMS 0x000000008b700000| PB 0x000000008b700000| Untracked |  0
| 184|0x000000008b800000, 0x000000008b800000, 0x000000008b900000|  0%| F|  |TAMS 0x000000008b800000| PB 0x000000008b800000| Untracked |  0
| 185|0x000000008b900000, 0x000000008b900000, 0x000000008ba00000|  0%| F|  |TAMS 0x000000008b900000| PB 0x000000008b900000| Untracked |  0
| 186|0x000000008ba00000, 0x000000008ba00000, 0x000000008bb00000|  0%| F|  |TAMS 0x000000008ba00000| PB 0x000000008ba00000| Untracked |  0
| 187|0x000000008bb00000, 0x000000008bb00000, 0x000000008bc00000|  0%| F|  |TAMS 0x000000008bb00000| PB 0x000000008bb00000| Untracked |  0
| 188|0x000000008bc00000, 0x000000008bc00000, 0x000000008bd00000|  0%| F|  |TAMS 0x000000008bc00000| PB 0x000000008bc00000| Untracked |  0
| 189|0x000000008bd00000, 0x000000008bd00000, 0x000000008be00000|  0%| F|  |TAMS 0x000000008bd00000| PB 0x000000008bd00000| Untracked |  0
| 190|0x000000008be00000, 0x000000008be00000, 0x000000008bf00000|  0%| F|  |TAMS 0x000000008be00000| PB 0x000000008be00000| Untracked |  0
| 191|0x000000008bf00000, 0x000000008bf00000, 0x000000008c000000|  0%| F|  |TAMS 0x000000008bf00000| PB 0x000000008bf00000| Untracked |  0
| 192|0x000000008c000000, 0x000000008c000000, 0x000000008c100000|  0%| F|  |TAMS 0x000000008c000000| PB 0x000000008c000000| Untracked |  0
|2037|0x00000000ff500000, 0x00000000ff600000, 0x00000000ff600000|100%| O|  |TAMS 0x00000000ff600000| PB 0x00000000ff500000| Untracked |  0
|2038|0x00000000ff600000, 0x00000000ff600000, 0x00000000ff700000|  0%| F|  |TAMS 0x00000000ff600000| PB 0x00000000ff600000| Untracked |  0
|2039|0x00000000ff700000, 0x00000000ff800000, 0x00000000ff800000|100%| O|  |TAMS 0x00000000ff800000| PB 0x00000000ff700000| Untracked |  0
|2040|0x00000000ff800000, 0x00000000ff900000, 0x00000000ff900000|100%| O|  |TAMS 0x00000000ff900000| PB 0x00000000ff800000| Untracked |  0
|2041|0x00000000ff900000, 0x00000000ffa00000, 0x00000000ffa00000|100%| O|  |TAMS 0x00000000ffa00000| PB 0x00000000ff900000| Untracked |  0
|2042|0x00000000ffa00000, 0x00000000ffb00000, 0x00000000ffb00000|100%| O|  |TAMS 0x00000000ffb00000| PB 0x00000000ffa00000| Untracked |  0
|2043|0x00000000ffb00000, 0x00000000ffc00000, 0x00000000ffc00000|100%| O|  |TAMS 0x00000000ffc00000| PB 0x00000000ffb00000| Untracked |  0
|2044|0x00000000ffc00000, 0x00000000ffc00000, 0x00000000ffd00000|  0%| F|  |TAMS 0x00000000ffc00000| PB 0x00000000ffc00000| Untracked |  0
|2045|0x00000000ffd00000, 0x00000000ffd00000, 0x00000000ffe00000|  0%| F|  |TAMS 0x00000000ffd00000| PB 0x00000000ffd00000| Untracked |  0
|2046|0x00000000ffe00000, 0x00000000fff00000, 0x00000000fff00000|100%| O|  |TAMS 0x00000000fff00000| PB 0x00000000ffe00000| Untracked |  0
|2047|0x00000000fff00000, 0x0000000100000000, 0x0000000100000000|100%| O|  |TAMS 0x0000000100000000| PB 0x00000000fff00000| Untracked |  0

Card table byte_map: [0x0000018e3b000000,0x0000018e3b400000] _byte_map_base: 0x0000018e3ac00000

Marking Bits: (CMBitMap*) 0x0000018e282ed100
 Bits: [0x0000018e3b400000, 0x0000018e3d400000)

Polling page: 0x0000018e26080000

Metaspace:
Metaspace        used 85221K, committed 86912K, reserved 1179648K
 class space     used 12134K, committed 12928K, reserved 1048576K

Usage:
  Non-class:     71.37 MB used.
      Class:     11.85 MB used.
       Both:     83.22 MB used.

Virtual space:
  Non-class space:      128.00 MB reserved,      72.25 MB ( 56%) committed,  2 nodes.
      Class space:        1.00 GB reserved,      12.62 MB (  1%) committed,  1 nodes.
             Both:        1.12 GB reserved,      84.88 MB (  7%) committed. 

Chunk freelists:
   Non-Class:  7.80 MB
       Class:  3.19 MB
        Both:  10.98 MB

MaxMetaspaceSize: unlimited
CompressedClassSpaceSize: 1.00 GB
Initial GC threshold: 21.00 MB
Current GC threshold: 141.25 MB
CDS: off
 - commit_granule_bytes: 65536.
 - commit_granule_words: 8192.
 - virtual_space_node_default_size: 8388608.
 - enlarge_chunks_in_place: 1.
UseCompressedClassPointers 1, UseCompactObjectHeaders 0
Narrow klass pointer bits 32, Max shift 3
Narrow klass base: 0x0000000000000000, Narrow klass shift: 0
Encoding Range: [0x0000000000000000 - 0x0000000100000000), (4294967296 bytes)
Klass Range:    [0x0000000034000000 - 0x0000000074000000), (1073741824 bytes)
Klass ID Range:  [872415232 - 1946157049) (1073741817)
No protection zone.


Internal statistics:

num_allocs_failed_limit: 6.
num_arena_births: 3406.
num_arena_deaths: 14.
num_vsnodes_births: 3.
num_vsnodes_deaths: 0.
num_space_committed: 1357.
num_space_uncommitted: 0.
num_chunks_returned_to_freelist: 23.
num_chunks_taken_from_freelist: 6890.
num_chunk_merges: 11.
num_chunk_splits: 4462.
num_chunks_enlarged: 2756.
num_inconsistent_stats: 0.

CodeHeap 'non-profiled nmethods': size=120064Kb used=3527Kb max_used=3586Kb free=116536Kb
 bounds [0x0000018e33260000, 0x0000018e335f0000, 0x0000018e3a7a0000]
CodeHeap 'profiled nmethods': size=120064Kb used=12036Kb max_used=12480Kb free=108027Kb
 bounds [0x0000018e2b780000, 0x0000018e2c3c0000, 0x0000018e32cc0000]
CodeHeap 'non-nmethods': size=5760Kb used=1933Kb max_used=2039Kb free=3827Kb
 bounds [0x0000018e32cc0000, 0x0000018e32f30000, 0x0000018e33260000]
CodeCache: size=245888Kb, used=17496Kb, max_used=18105Kb, free=228390Kb
 total_blobs=9645, nmethods=8841, adapters=706, full_count=0
Compilation: enabled, stopped_count=0, restarted_count=0

Compilation events (20 events):
Event: 28.436 Thread 0x0000018e3fe6be80 10768       2       com.android.tools.r8.graph.y2::c (60 bytes)
Event: 28.437 Thread 0x0000018e3fe6be80 nmethod 10768 0x0000018e2bf1a688 code [0x0000018e2bf1a780, 0x0000018e2bf1ab68]
Event: 28.437 Thread 0x0000018e3fe6be80 10769   !   3       com.android.tools.r8.graph.n6::c (68 bytes)
Event: 28.438 Thread 0x0000018e3fe6be80 nmethod 10769 0x0000018e2bb8d488 code [0x0000018e2bb8d580, 0x0000018e2bb8de48]
Event: 28.440 Thread 0x0000018e3fe6be80 10770       2       com.android.tools.r8.graph.m1::<init> (97 bytes)
Event: 28.440 Thread 0x0000018e3fe6be80 nmethod 10770 0x0000018e2bfd3d08 code [0x0000018e2bfd3e00, 0x0000018e2bfd40c8]
Event: 28.441 Thread 0x0000018e3fe6be80 10771       3       com.android.tools.r8.internal.q23::a (69 bytes)
Event: 28.442 Thread 0x0000018e3fe6be80 nmethod 10771 0x0000018e2c08d708 code [0x0000018e2c08d800, 0x0000018e2c08dc90]
Event: 28.444 Thread 0x0000018e3fe6be80 10774       3       com.android.tools.r8.internal.q14::b (69 bytes)
Event: 28.445 Thread 0x0000018e3fe6be80 nmethod 10774 0x0000018e2c097588 code [0x0000018e2c097680, 0x0000018e2c097a00]
Event: 28.445 Thread 0x0000018e3fe6be80 10775       3       com.android.tools.r8.internal.q14::a (69 bytes)
Event: 28.445 Thread 0x0000018e3fe6be80 nmethod 10775 0x0000018e2c0c4b08 code [0x0000018e2c0c4c00, 0x0000018e2c0c4f80]
Event: 28.445 Thread 0x0000018e3fe6be80 10776       3       com.android.tools.r8.internal.q14::a (36 bytes)
Event: 28.446 Thread 0x0000018e3fe6be80 nmethod 10776 0x0000018e2c086908 code [0x0000018e2c086a00, 0x0000018e2c086bc0]
Event: 28.446 Thread 0x0000018e3fe6be80 10777       3       com.android.tools.r8.internal.q14::b (36 bytes)
Event: 28.446 Thread 0x0000018e3fe6be80 nmethod 10777 0x0000018e2c09c688 code [0x0000018e2c09c780, 0x0000018e2c09c940]
Event: 28.446 Thread 0x0000018e3fe6be80 10778       3       com.android.tools.r8.internal.af1::a (138 bytes)
Event: 28.446 Thread 0x0000018e3fe6be80 nmethod 10778 0x0000018e2b90ef08 code [0x0000018e2b90f000, 0x0000018e2b90f4d8]
Event: 28.446 Thread 0x0000018e3fe6be80 10779       2       com.android.tools.r8.graph.n6::a (63 bytes)
Event: 28.447 Thread 0x0000018e3fe6be80 nmethod 10779 0x0000018e2ba52c88 code [0x0000018e2ba52d80, 0x0000018e2ba53288]

GC Heap Usage History (20 events):
Event: 24.577 {heap After GC invocations=31 (full 0):
 garbage-first heap   total reserved 2097152K, committed 114688K, used 70127K [0x0000000080000000, 0x0000000100000000)
  region size 1024K, 3 young (3072K), 3 survivors (3072K)
}
Event: 25.324 {heap Before GC invocations=32 (full 0):
 garbage-first heap   total reserved 2097152K, committed 122880K, used 108015K [0x0000000080000000, 0x0000000100000000)
  region size 1024K, 39 young (39936K), 3 survivors (3072K)
}
Event: 25.331 {heap After GC invocations=33 (full 0):
 garbage-first heap   total reserved 2097152K, committed 122880K, used 74857K [0x0000000080000000, 0x0000000100000000)
  region size 1024K, 5 young (5120K), 5 survivors (5120K)
}
Event: 25.987 {heap Before GC invocations=33 (full 0):
 garbage-first heap   total reserved 2097152K, committed 122880K, used 113769K [0x0000000080000000, 0x0000000100000000)
  region size 1024K, 44 young (45056K), 5 survivors (5120K)
}
Event: 25.999 {heap After GC invocations=34 (full 0):
 garbage-first heap   total reserved 2097152K, committed 125952K, used 78552K [0x0000000080000000, 0x0000000100000000)
  region size 1024K, 6 young (6144K), 6 survivors (6144K)
}
Event: 26.522 {heap Before GC invocations=34 (full 0):
 garbage-first heap   total reserved 2097152K, committed 125952K, used 116440K [0x0000000080000000, 0x0000000100000000)
  region size 1024K, 44 young (45056K), 6 survivors (6144K)
}
Event: 26.530 {heap After GC invocations=35 (full 0):
 garbage-first heap   total reserved 2097152K, committed 156672K, used 83964K [0x0000000080000000, 0x0000000100000000)
  region size 1024K, 6 young (6144K), 6 survivors (6144K)
}
Event: 27.506 {heap Before GC invocations=36 (full 0):
 garbage-first heap   total reserved 2097152K, committed 156672K, used 141308K [0x0000000080000000, 0x0000000100000000)
  region size 1024K, 63 young (64512K), 6 survivors (6144K)
}
Event: 27.516 {heap After GC invocations=37 (full 0):
 garbage-first heap   total reserved 2097152K, committed 157696K, used 93298K [0x0000000080000000, 0x0000000100000000)
  region size 1024K, 8 young (8192K), 8 survivors (8192K)
}
Event: 27.802 {heap Before GC invocations=37 (full 0):
 garbage-first heap   total reserved 2097152K, committed 157696K, used 140402K [0x0000000080000000, 0x0000000100000000)
  region size 1024K, 55 young (56320K), 8 survivors (8192K)
}
Event: 27.821 {heap After GC invocations=38 (full 0):
 garbage-first heap   total reserved 2097152K, committed 162816K, used 103653K [0x0000000080000000, 0x0000000100000000)
  region size 1024K, 7 young (7168K), 7 survivors (7168K)
}
Event: 27.946 {heap Before GC invocations=38 (full 0):
 garbage-first heap   total reserved 2097152K, committed 162816K, used 143589K [0x0000000080000000, 0x0000000100000000)
  region size 1024K, 46 young (47104K), 7 survivors (7168K)
}
Event: 27.969 {heap After GC invocations=39 (full 0):
 garbage-first heap   total reserved 2097152K, committed 162816K, used 114944K [0x0000000080000000, 0x0000000100000000)
  region size 1024K, 6 young (6144K), 6 survivors (6144K)
}
Event: 28.109 {heap Before GC invocations=39 (full 0):
 garbage-first heap   total reserved 2097152K, committed 162816K, used 144640K [0x0000000080000000, 0x0000000100000000)
  region size 1024K, 36 young (36864K), 6 survivors (6144K)
}
Event: 28.132 {heap After GC invocations=40 (full 0):
 garbage-first heap   total reserved 2097152K, committed 162816K, used 124464K [0x0000000080000000, 0x0000000100000000)
  region size 1024K, 5 young (5120K), 5 survivors (5120K)
}
Event: 28.230 {heap Before GC invocations=41 (full 0):
 garbage-first heap   total reserved 2097152K, committed 208896K, used 148016K [0x0000000080000000, 0x0000000100000000)
  region size 1024K, 28 young (28672K), 5 survivors (5120K)
}
Event: 28.247 {heap After GC invocations=42 (full 0):
 garbage-first heap   total reserved 2097152K, committed 208896K, used 132888K [0x0000000080000000, 0x0000000100000000)
  region size 1024K, 4 young (4096K), 4 survivors (4096K)
}
Event: 28.377 {heap Before GC invocations=42 (full 0):
 garbage-first heap   total reserved 2097152K, committed 208896K, used 181016K [0x0000000080000000, 0x0000000100000000)
  region size 1024K, 50 young (51200K), 4 survivors (4096K)
}
Event: 28.402 {heap After GC invocations=43 (full 0):
 garbage-first heap   total reserved 2097152K, committed 208896K, used 145408K [0x0000000080000000, 0x0000000100000000)
  region size 1024K, 7 young (7168K), 7 survivors (7168K)
}
Event: 28.451 {heap Before GC invocations=43 (full 0):
 garbage-first heap   total reserved 2097152K, committed 208896K, used 164864K [0x0000000080000000, 0x0000000100000000)
  region size 1024K, 27 young (27648K), 7 survivors (7168K)
}

Metaspace Usage History (20 events):
Event: 24.577 {metaspace After GC invocations=31 (full 0):
 Metaspace       used 76274K, committed 78080K, reserved 1179648K
  class space    used 10877K, committed 11712K, reserved 1048576K
}
Event: 25.324 {metaspace Before GC invocations=32 (full 0):
 Metaspace       used 77254K, committed 78976K, reserved 1179648K
  class space    used 11017K, committed 11840K, reserved 1048576K
}
Event: 25.331 {metaspace After GC invocations=33 (full 0):
 Metaspace       used 77254K, committed 78976K, reserved 1179648K
  class space    used 11017K, committed 11840K, reserved 1048576K
}
Event: 25.987 {metaspace Before GC invocations=33 (full 0):
 Metaspace       used 78623K, committed 80384K, reserved 1179648K
  class space    used 11210K, committed 12032K, reserved 1048576K
}
Event: 25.999 {metaspace After GC invocations=34 (full 0):
 Metaspace       used 78623K, committed 80384K, reserved 1179648K
  class space    used 11210K, committed 12032K, reserved 1048576K
}
Event: 26.522 {metaspace Before GC invocations=34 (full 0):
 Metaspace       used 80292K, committed 82048K, reserved 1179648K
  class space    used 11461K, committed 12288K, reserved 1048576K
}
Event: 26.530 {metaspace After GC invocations=35 (full 0):
 Metaspace       used 80292K, committed 82048K, reserved 1179648K
  class space    used 11461K, committed 12288K, reserved 1048576K
}
Event: 27.506 {metaspace Before GC invocations=36 (full 0):
 Metaspace       used 84306K, committed 86016K, reserved 1179648K
  class space    used 12042K, committed 12864K, reserved 1048576K
}
Event: 27.516 {metaspace After GC invocations=37 (full 0):
 Metaspace       used 84306K, committed 86016K, reserved 1179648K
  class space    used 12042K, committed 12864K, reserved 1048576K
}
Event: 27.802 {metaspace Before GC invocations=37 (full 0):
 Metaspace       used 84978K, committed 86720K, reserved 1179648K
  class space    used 12110K, committed 12928K, reserved 1048576K
}
Event: 27.821 {metaspace After GC invocations=38 (full 0):
 Metaspace       used 84978K, committed 86720K, reserved 1179648K
  class space    used 12110K, committed 12928K, reserved 1048576K
}
Event: 27.946 {metaspace Before GC invocations=38 (full 0):
 Metaspace       used 85026K, committed 86720K, reserved 1179648K
  class space    used 12110K, committed 12928K, reserved 1048576K
}
Event: 27.969 {metaspace After GC invocations=39 (full 0):
 Metaspace       used 85026K, committed 86720K, reserved 1179648K
  class space    used 12110K, committed 12928K, reserved 1048576K
}
Event: 28.109 {metaspace Before GC invocations=39 (full 0):
 Metaspace       used 85040K, committed 86784K, reserved 1179648K
  class space    used 12111K, committed 12928K, reserved 1048576K
}
Event: 28.132 {metaspace After GC invocations=40 (full 0):
 Metaspace       used 85040K, committed 86784K, reserved 1179648K
  class space    used 12111K, committed 12928K, reserved 1048576K
}
Event: 28.230 {metaspace Before GC invocations=41 (full 0):
 Metaspace       used 85042K, committed 86784K, reserved 1179648K
  class space    used 12112K, committed 12928K, reserved 1048576K
}
Event: 28.247 {metaspace After GC invocations=42 (full 0):
 Metaspace       used 85042K, committed 86784K, reserved 1179648K
  class space    used 12112K, committed 12928K, reserved 1048576K
}
Event: 28.377 {metaspace Before GC invocations=42 (full 0):
 Metaspace       used 85202K, committed 86912K, reserved 1179648K
  class space    used 12131K, committed 12928K, reserved 1048576K
}
Event: 28.402 {metaspace After GC invocations=43 (full 0):
 Metaspace       used 85202K, committed 86912K, reserved 1179648K
  class space    used 12131K, committed 12928K, reserved 1048576K
}
Event: 28.451 {metaspace Before GC invocations=43 (full 0):
 Metaspace       used 85221K, committed 86912K, reserved 1179648K
  class space    used 12134K, committed 12928K, reserved 1048576K
}

Dll operation events (3 events):
Event: 0.255 Loaded shared library C:\Program Files\Android\Android Studio\jbr\bin\java.dll
Event: 0.321 Loaded shared library C:\Program Files\Android\Android Studio\jbr\bin\zip.dll
Event: 2.856 Loaded shared library C:\Program Files\Android\Android Studio\jbr\bin\verify.dll

Deoptimization events (20 events):
Event: 28.444 Thread 0x0000018e487344e0 Uncommon trap: trap_request=0xffffff45 fr.pc=0x0000018e334795b4 relative=0x00000000000001b4
Event: 28.444 Thread 0x0000018e487344e0 Uncommon trap: reason=unstable_if action=reinterpret pc=0x0000018e334795b4 method=com.android.tools.r8.internal.q14.b(Lcom/android/tools/r8/graph/d3;Lcom/android/tools/r8/graph/s4;)Z @ 29 c2
Event: 28.444 Thread 0x0000018e487344e0 DEOPT PACKING pc=0x0000018e334795b4 sp=0x0000002146bfe760
Event: 28.444 Thread 0x0000018e487344e0 DEOPT UNPACKING pc=0x0000018e32dd8d02 sp=0x0000002146bfe680 mode 2
Event: 28.444 Thread 0x0000018e487344e0 Uncommon trap: trap_request=0xffffff45 fr.pc=0x0000018e335dae74 relative=0x0000000000000074
Event: 28.444 Thread 0x0000018e487344e0 Uncommon trap: reason=unstable_if action=reinterpret pc=0x0000018e335dae74 method=com.android.tools.r8.internal.q14.b(Lcom/android/tools/r8/graph/d3;Lcom/android/tools/r8/graph/s4;)Z @ 29 c2
Event: 28.444 Thread 0x0000018e487344e0 DEOPT PACKING pc=0x0000018e335dae74 sp=0x0000002146bfe6e0
Event: 28.444 Thread 0x0000018e487344e0 DEOPT UNPACKING pc=0x0000018e32dd8d02 sp=0x0000002146bfe678 mode 2
Event: 28.444 Thread 0x0000018e484957e0 Uncommon trap: trap_request=0xffffff45 fr.pc=0x0000018e3336e598 relative=0x0000000000000118
Event: 28.444 Thread 0x0000018e484957e0 Uncommon trap: reason=unstable_if action=reinterpret pc=0x0000018e3336e598 method=com.android.tools.r8.internal.q14.a(Lcom/android/tools/r8/graph/d3;Lcom/android/tools/r8/graph/s4;)Z @ 29 c2
Event: 28.444 Thread 0x0000018e484957e0 DEOPT PACKING pc=0x0000018e3336e598 sp=0x00000021468fe730
Event: 28.444 Thread 0x0000018e484957e0 DEOPT UNPACKING pc=0x0000018e32dd8d02 sp=0x00000021468fe650 mode 2
Event: 28.444 Thread 0x0000018e484957e0 Uncommon trap: trap_request=0xffffff45 fr.pc=0x0000018e335dab74 relative=0x0000000000000074
Event: 28.444 Thread 0x0000018e484957e0 Uncommon trap: reason=unstable_if action=reinterpret pc=0x0000018e335dab74 method=com.android.tools.r8.internal.q14.a(Lcom/android/tools/r8/graph/d3;Lcom/android/tools/r8/graph/s4;)Z @ 29 c2
Event: 28.444 Thread 0x0000018e484957e0 DEOPT PACKING pc=0x0000018e335dab74 sp=0x00000021468fe480
Event: 28.444 Thread 0x0000018e484957e0 DEOPT UNPACKING pc=0x0000018e32dd8d02 sp=0x00000021468fe408 mode 2
Event: 28.444 Thread 0x0000018e4a7c3f50 Uncommon trap: trap_request=0xffffff45 fr.pc=0x0000018e33589598 relative=0x0000000000000098
Event: 28.444 Thread 0x0000018e4a7c3f50 Uncommon trap: reason=unstable_if action=reinterpret pc=0x0000018e33589598 method=com.android.tools.r8.internal.af1.a(I)Z @ 45 c2
Event: 28.444 Thread 0x0000018e4a7c3f50 DEOPT PACKING pc=0x0000018e33589598 sp=0x0000002144bf6030
Event: 28.444 Thread 0x0000018e4a7c3f50 DEOPT UNPACKING pc=0x0000018e32dd8d02 sp=0x0000002144bf5fc0 mode 2

Classes loaded (20 events):
Event: 26.716 Loading class com/sun/org/apache/xerces/internal/impl/io/MalformedByteSequenceException
Event: 26.718 Loading class java/io/CharConversionException
Event: 26.718 Loading class java/io/CharConversionException done
Event: 26.718 Loading class com/sun/org/apache/xerces/internal/impl/io/MalformedByteSequenceException done
Event: 26.762 Loading class com/sun/org/apache/xerces/internal/dom/AttrImpl
Event: 26.762 Loading class com/sun/org/apache/xerces/internal/dom/AttrImpl done
Event: 26.763 Loading class com/sun/org/apache/xerces/internal/dom/AttributeMap
Event: 26.763 Loading class com/sun/org/apache/xerces/internal/dom/NamedNodeMapImpl
Event: 26.764 Loading class com/sun/org/apache/xerces/internal/dom/NamedNodeMapImpl done
Event: 26.764 Loading class com/sun/org/apache/xerces/internal/dom/AttributeMap done
Event: 26.853 Loading class com/sun/org/apache/xerces/internal/dom/CommentImpl
Event: 26.853 Loading class org/w3c/dom/Comment
Event: 26.853 Loading class org/w3c/dom/Comment done
Event: 26.853 Loading class com/sun/org/apache/xerces/internal/dom/CommentImpl done
Event: 27.033 Loading class java/util/concurrent/ForkJoinTask$AdaptedInterruptibleCallable
Event: 27.034 Loading class java/util/concurrent/ForkJoinTask$InterruptibleTask
Event: 27.034 Loading class java/util/concurrent/ForkJoinTask$InterruptibleTask done
Event: 27.034 Loading class java/util/concurrent/ForkJoinTask$AdaptedInterruptibleCallable done
Event: 27.176 Loading class java/lang/classfile/CodeModel
Event: 27.177 Loading class java/lang/classfile/CodeModel done

Classes unloaded (7 events):
Event: 24.671 Thread 0x0000018e3fdcf3b0 Unloading class 0x0000000034aec400 'java/lang/invoke/LambdaForm$DMH+0x0000000034aec400'
Event: 24.671 Thread 0x0000018e3fdcf3b0 Unloading class 0x0000000034aaa400 'java/lang/invoke/LambdaForm$MH+0x0000000034aaa400'
Event: 24.671 Thread 0x0000018e3fdcf3b0 Unloading class 0x0000000034aaa000 'java/lang/invoke/LambdaForm$MH+0x0000000034aaa000'
Event: 24.671 Thread 0x0000018e3fdcf3b0 Unloading class 0x0000000034aa9c00 'java/lang/invoke/LambdaForm$MH+0x0000000034aa9c00'
Event: 24.671 Thread 0x0000018e3fdcf3b0 Unloading class 0x0000000034aa9000 'java/lang/invoke/LambdaForm$DMH+0x0000000034aa9000'
Event: 24.671 Thread 0x0000018e3fdcf3b0 Unloading class 0x0000000034aa9800 'java/lang/invoke/LambdaForm$DMH+0x0000000034aa9800'
Event: 24.671 Thread 0x0000018e3fdcf3b0 Unloading class 0x0000000034aa8800 'java/lang/invoke/LambdaForm$DMH+0x0000000034aa8800'

Classes redefined (0 events):
No events

Internal exceptions (20 events):
Event: 28.326 Thread 0x0000018e48bcd7c0 Exception <a 'sun/nio/fs/WindowsException'{0x000000008a16c9d8}> (0x000000008a16c9d8) 
thrown [s\src\hotspot\share\prims\jni.cpp, line 535]
Event: 28.329 Thread 0x0000018e48bcd7c0 Exception <a 'sun/nio/fs/WindowsException'{0x000000008a01a6f0}> (0x000000008a01a6f0) 
thrown [s\src\hotspot\share\prims\jni.cpp, line 535]
Event: 28.333 Thread 0x0000018e48bcd7c0 Exception <a 'sun/nio/fs/WindowsException'{0x000000008a0d1b60}> (0x000000008a0d1b60) 
thrown [s\src\hotspot\share\prims\jni.cpp, line 535]
Event: 28.340 Thread 0x0000018e48bcd7c0 Exception <a 'sun/nio/fs/WindowsException'{0x0000000089eda3e8}> (0x0000000089eda3e8) 
thrown [s\src\hotspot\share\prims\jni.cpp, line 535]
Event: 28.344 Thread 0x0000018e48bcd7c0 Exception <a 'sun/nio/fs/WindowsException'{0x0000000089c26ba0}> (0x0000000089c26ba0) 
thrown [s\src\hotspot\share\prims\jni.cpp, line 535]
Event: 28.348 Thread 0x0000018e48bcd7c0 Exception <a 'sun/nio/fs/WindowsException'{0x0000000089cec5c8}> (0x0000000089cec5c8) 
thrown [s\src\hotspot\share\prims\jni.cpp, line 535]
Event: 28.351 Thread 0x0000018e48bcd7c0 Exception <a 'sun/nio/fs/WindowsException'{0x000000008991f048}> (0x000000008991f048) 
thrown [s\src\hotspot\share\prims\jni.cpp, line 535]
Event: 28.359 Thread 0x0000018e48bcd7c0 Exception <a 'sun/nio/fs/WindowsException'{0x00000000897d8920}> (0x00000000897d8920) 
thrown [s\src\hotspot\share\prims\jni.cpp, line 535]
Event: 28.362 Thread 0x0000018e48bd0e70 Exception <a 'sun/nio/fs/WindowsException'{0x00000000896ab4b8}> (0x00000000896ab4b8) 
thrown [s\src\hotspot\share\prims\jni.cpp, line 535]
Event: 28.364 Thread 0x0000018e48bd0e70 Exception <a 'sun/nio/fs/WindowsException'{0x000000008959ec80}> (0x000000008959ec80) 
thrown [s\src\hotspot\share\prims\jni.cpp, line 535]
Event: 28.366 Thread 0x0000018e48bd0e70 Exception <a 'sun/nio/fs/WindowsException'{0x00000000894346e8}> (0x00000000894346e8) 
thrown [s\src\hotspot\share\prims\jni.cpp, line 535]
Event: 28.368 Thread 0x0000018e48bd0e70 Exception <a 'sun/nio/fs/WindowsException'{0x00000000894fc7b0}> (0x00000000894fc7b0) 
thrown [s\src\hotspot\share\prims\jni.cpp, line 535]
Event: 28.370 Thread 0x0000018e48bd0e70 Exception <a 'sun/nio/fs/WindowsException'{0x00000000893fe368}> (0x00000000893fe368) 
thrown [s\src\hotspot\share\prims\jni.cpp, line 535]
Event: 28.373 Thread 0x0000018e48bd0e70 Exception <a 'sun/nio/fs/WindowsException'{0x0000000089141340}> (0x0000000089141340) 
thrown [s\src\hotspot\share\prims\jni.cpp, line 535]
Event: 28.375 Thread 0x0000018e48bd0e70 Exception <a 'sun/nio/fs/WindowsException'{0x0000000089035ab0}> (0x0000000089035ab0) 
thrown [s\src\hotspot\share\prims\jni.cpp, line 535]
Event: 28.406 Thread 0x0000018e48bd0e70 Exception <a 'sun/nio/fs/WindowsException'{0x00000000ffcaeb40}> (0x00000000ffcaeb40) 
thrown [s\src\hotspot\share\prims\jni.cpp, line 535]
Event: 28.423 Thread 0x0000018e48bd0e70 Exception <a 'sun/nio/fs/WindowsException'{0x000000008bb4baf8}> (0x000000008bb4baf8) 
thrown [s\src\hotspot\share\prims\jni.cpp, line 535]
Event: 28.425 Thread 0x0000018e48bd0e70 Exception <a 'sun/nio/fs/WindowsException'{0x000000008bbd4c58}> (0x000000008bbd4c58) 
thrown [s\src\hotspot\share\prims\jni.cpp, line 535]
Event: 28.443 Thread 0x0000018e48bd0e70 Exception <a 'sun/nio/fs/WindowsException'{0x000000008b97da78}> (0x000000008b97da78) 
thrown [s\src\hotspot\share\prims\jni.cpp, line 535]
Event: 28.444 Thread 0x0000018e48bd0e70 Exception <a 'sun/nio/fs/WindowsException'{0x000000008b235190}> (0x000000008b235190) 
thrown [s\src\hotspot\share\prims\jni.cpp, line 535]

VM Operations (20 events):
Event: 27.072 Executing non-safepoint VM operation: HandshakeAllThreads (Deoptimize) done
Event: 27.471 Executing non-safepoint VM operation: HandshakeAllThreads (Deoptimize)
Event: 27.471 Executing non-safepoint VM operation: HandshakeAllThreads (Deoptimize) done
Event: 27.506 Executing safepoint VM operation: G1CollectForAllocation (G1 Evacuation Pause)
Event: 27.516 Executing safepoint VM operation: G1CollectForAllocation (G1 Evacuation Pause) done
Event: 27.799 Executing safepoint VM operation: G1CollectForAllocation (G1 Evacuation Pause)
Event: 27.821 Executing safepoint VM operation: G1CollectForAllocation (G1 Evacuation Pause) done
Event: 27.940 Executing safepoint VM operation: G1CollectForAllocation (G1 Evacuation Pause)
Event: 27.970 Executing safepoint VM operation: G1CollectForAllocation (G1 Evacuation Pause) done
Event: 28.103 Executing safepoint VM operation: G1CollectForAllocation (G1 Evacuation Pause)
Event: 28.132 Executing safepoint VM operation: G1CollectForAllocation (G1 Evacuation Pause) done
Event: 28.133 Executing safepoint VM operation: G1PauseRemark
Event: 28.143 Executing safepoint VM operation: G1PauseRemark done
Event: 28.204 Executing safepoint VM operation: G1PauseCleanup
Event: 28.205 Executing safepoint VM operation: G1PauseCleanup done
Event: 28.229 Executing safepoint VM operation: G1CollectForAllocation (G1 Evacuation Pause)
Event: 28.247 Executing safepoint VM operation: G1CollectForAllocation (G1 Evacuation Pause) done
Event: 28.376 Executing safepoint VM operation: G1CollectForAllocation (G1 Evacuation Pause)
Event: 28.402 Executing safepoint VM operation: G1CollectForAllocation (G1 Evacuation Pause) done
Event: 28.448 Executing safepoint VM operation: G1TryInitiateConcMark (G1 Humongous Allocation)

Memory protections (0 events):
No events

Nmethod flushes (20 events):
Event: 28.141 Thread 0x0000018e3fdcf3b0 flushing  nmethod 0x0000018e2bd9ef08
Event: 28.141 Thread 0x0000018e3fdcf3b0 flushing  nmethod 0x0000018e2bed4e88
Event: 28.141 Thread 0x0000018e3fdcf3b0 flushing  nmethod 0x0000018e2bed5188
Event: 28.141 Thread 0x0000018e3fdcf3b0 flushing  nmethod 0x0000018e2bed7c88
Event: 28.141 Thread 0x0000018e3fdcf3b0 flushing  nmethod 0x0000018e2bf1a688
Event: 28.141 Thread 0x0000018e3fdcf3b0 flushing  nmethod 0x0000018e2bf1a988
Event: 28.141 Thread 0x0000018e3fdcf3b0 flushing  nmethod 0x0000018e2bf4a108
Event: 28.141 Thread 0x0000018e3fdcf3b0 flushing  nmethod 0x0000018e2bf4a508
Event: 28.141 Thread 0x0000018e3fdcf3b0 flushing  nmethod 0x0000018e2bf61588
Event: 28.141 Thread 0x0000018e3fdcf3b0 flushing  nmethod 0x0000018e2bf89c88
Event: 28.141 Thread 0x0000018e3fdcf3b0 flushing  nmethod 0x0000018e2bfee288
Event: 28.141 Thread 0x0000018e3fdcf3b0 flushing  nmethod 0x0000018e2c032d88
Event: 28.141 Thread 0x0000018e3fdcf3b0 flushing  nmethod 0x0000018e2c08d708
Event: 28.141 Thread 0x0000018e3fdcf3b0 flushing  nmethod 0x0000018e2c0a2c88
Event: 28.141 Thread 0x0000018e3fdcf3b0 flushing  nmethod 0x0000018e2c0a3a08
Event: 28.141 Thread 0x0000018e3fdcf3b0 flushing  nmethod 0x0000018e2c0b6d08
Event: 28.141 Thread 0x0000018e3fdcf3b0 flushing  nmethod 0x0000018e2c0b9d08
Event: 28.141 Thread 0x0000018e3fdcf3b0 flushing  nmethod 0x0000018e2c0ba088
Event: 28.141 Thread 0x0000018e3fdcf3b0 flushing  nmethod 0x0000018e2c0f3c08
Event: 28.141 Thread 0x0000018e3fdcf3b0 flushing  nmethod 0x0000018e2c0f6d08

Events (20 events):
Event: 25.807 Thread 0x0000018e48ca78c0 Thread added: 0x0000018e48ca6920
Event: 25.811 Thread 0x0000018e48ca78c0 Thread added: 0x0000018e48ca70f0
Event: 25.814 Thread 0x0000018e48ca78c0 Thread added: 0x0000018e4704c9a0
Event: 25.824 Thread 0x0000018e48ca78c0 Thread added: 0x0000018e4967e900
Event: 25.829 Thread 0x0000018e48ca78c0 Thread added: 0x0000018e4967ba20
Event: 25.834 Thread 0x0000018e48ca78c0 Thread added: 0x0000018e4967c9c0
Event: 25.916 Thread 0x0000018e48ca78c0 Thread added: 0x0000018e48491960
Event: 26.004 Thread 0x0000018e48ca78c0 Thread added: 0x0000018e4848e2b0
Event: 27.035 Thread 0x0000018e4a7c56c0 Thread added: 0x0000018e48492900
Event: 27.035 Thread 0x0000018e4a7c56c0 Thread added: 0x0000018e484901f0
Event: 27.040 Thread 0x0000018e484901f0 Thread added: 0x0000018e484938a0
Event: 27.041 Thread 0x0000018e484938a0 Thread added: 0x0000018e48495010
Event: 27.047 Thread 0x0000018e48492900 Thread added: 0x0000018e484957e0
Event: 27.053 Thread 0x0000018e48495010 Thread added: 0x0000018e48735c50
Event: 27.055 Thread 0x0000018e484957e0 Thread added: 0x0000018e48737b90
Event: 27.059 Thread 0x0000018e48735c50 Thread added: 0x0000018e487344e0
Event: 27.327 Thread 0x0000018e47a33bd0 Thread exited: 0x0000018e47a33bd0
Event: 27.382 Thread 0x0000018e48cb3720 Thread exited: 0x0000018e48cb3720
Event: 27.432 Thread 0x0000018e3fe6be80 Thread added: 0x0000018e47a33bd0
Event: 28.213 Thread 0x0000018e48ca78c0 Thread exited: 0x0000018e48ca78c0


Dynamic libraries:
0x00007ff781eb0000 - 0x00007ff781eba000 	C:\Program Files\Android\Android Studio\jbr\bin\java.exe
0x00007ffb42e80000 - 0x00007ffb430e7000 	C:\Windows\SYSTEM32\ntdll.dll
0x00007ffb42940000 - 0x00007ffb42a0b000 	C:\Windows\System32\KERNEL32.DLL
0x00007ffb40080000 - 0x00007ffb40482000 	C:\Windows\System32\KERNELBASE.dll
0x00007ffb40670000 - 0x00007ffb407bc000 	C:\Windows\System32\ucrtbase.dll
0x00007ffb3a7c0000 - 0x00007ffb3a7db000 	C:\Program Files\Android\Android Studio\jbr\bin\VCRUNTIME140.dll
0x00007ffb39490000 - 0x00007ffb394a6000 	C:\Program Files\Android\Android Studio\jbr\bin\jli.dll
0x00007ffb42540000 - 0x00007ffb4270f000 	C:\Windows\System32\USER32.dll
0x00007ffb40890000 - 0x00007ffb408b7000 	C:\Windows\System32\win32u.dll
0x00007ffb42510000 - 0x00007ffb4253b000 	C:\Windows\System32\GDI32.dll
0x00007ffb40540000 - 0x00007ffb40669000 	C:\Windows\System32\gdi32full.dll
0x00007ffb40490000 - 0x00007ffb40533000 	C:\Windows\System32\msvcp_win.dll
0x00007ffb21cc0000 - 0x00007ffb21f50000 	C:\Windows\WinSxS\amd64_microsoft.windows.common-controls_6595b64144ccf1df_6.0.26100.9278_none_3e0d1ba8e3303201\COMCTL32.dll
0x00007ffb40ef0000 - 0x00007ffb40f99000 	C:\Windows\System32\msvcrt.dll
0x00007ffb40d10000 - 0x00007ffb40d41000 	C:\Windows\System32\IMM32.DLL
0x00007ffb3c890000 - 0x00007ffb3c89c000 	C:\Program Files\Android\Android Studio\jbr\bin\vcruntime140_1.dll
0x00007ffb241b0000 - 0x00007ffb2423d000 	C:\Program Files\Android\Android Studio\jbr\bin\msvcp140.dll
0x00007ffa6a410000 - 0x00007ffa6b2ed000 	C:\Program Files\Android\Android Studio\jbr\bin\server\jvm.dll
0x00007ffb41870000 - 0x00007ffb4192c000 	C:\Windows\System32\ADVAPI32.dll
0x00007ffb42aa0000 - 0x00007ffb42b49000 	C:\Windows\System32\sechost.dll
0x00007ffb42820000 - 0x00007ffb42938000 	C:\Windows\System32\RPCRT4.dll
0x00007ffb42bc0000 - 0x00007ffb42c40000 	C:\Windows\System32\WS2_32.dll
0x00007ffb3fee0000 - 0x00007ffb3ff3e000 	C:\Windows\SYSTEM32\POWRPROF.dll
0x00007ffb33650000 - 0x00007ffb33686000 	C:\Windows\SYSTEM32\WINMM.dll
0x00007ffb37af0000 - 0x00007ffb37afb000 	C:\Windows\SYSTEM32\VERSION.dll
0x00007ffb3fec0000 - 0x00007ffb3fed5000 	C:\Windows\SYSTEM32\UMPDC.dll
0x00007ffb3ed50000 - 0x00007ffb3ed6b000 	C:\Windows\SYSTEM32\kernel.appcore.dll
0x00007ffb3a830000 - 0x00007ffb3a83a000 	C:\Program Files\Android\Android Studio\jbr\bin\jimage.dll
0x00007ffb3d670000 - 0x00007ffb3d8bc000 	C:\Windows\SYSTEM32\DBGHELP.DLL
0x00007ffb41b20000 - 0x00007ffb41ea5000 	C:\Windows\System32\combase.dll
0x00007ffb423d0000 - 0x00007ffb424a9000 	C:\Windows\System32\OLEAUT32.dll
0x00007ffb26d60000 - 0x00007ffb26d9b000 	C:\Windows\SYSTEM32\dbgcore.DLL
0x00007ffb408c0000 - 0x00007ffb4096c000 	C:\Windows\System32\bcryptPrimitives.dll
0x00007ffb39480000 - 0x00007ffb3948e000 	C:\Program Files\Android\Android Studio\jbr\bin\instrument.dll
0x00007ffb37f00000 - 0x00007ffb37f1e000 	C:\Program Files\Android\Android Studio\jbr\bin\java.dll
0x00007ffb40d50000 - 0x00007ffb40eea000 	C:\Windows\System32\ole32.dll
0x00007ffb40fb0000 - 0x00007ffb41748000 	C:\Windows\System32\SHELL32.dll
0x00007ffb30690000 - 0x00007ffb306a6000 	C:\Program Files\Android\Android Studio\jbr\bin\zip.dll
0x00007ffb3dac0000 - 0x00007ffb3e36e000 	C:\Windows\SYSTEM32\windows.storage.dll
0x00007ffb42720000 - 0x00007ffb4281b000 	C:\Windows\System32\SHCORE.dll
0x00007ffb40ba0000 - 0x00007ffb40c06000 	C:\Windows\System32\shlwapi.dll
0x00007ffb3ffa0000 - 0x00007ffb3ffc9000 	C:\Windows\SYSTEM32\profapi.dll
0x00007ffb3a7b0000 - 0x00007ffb3a7c0000 	C:\Program Files\Android\Android Studio\jbr\bin\net.dll
0x00007ffb3f310000 - 0x00007ffb3f37c000 	C:\Windows\system32\mswsock.dll
0x00007ffb30670000 - 0x00007ffb30686000 	C:\Program Files\Android\Android Studio\jbr\bin\nio.dll
0x00007ffb26750000 - 0x00007ffb26760000 	C:\Program Files\Android\Android Studio\jbr\bin\verify.dll
0x00007ffb306b0000 - 0x00007ffb306d7000 	C:\Users\sendh\.gradle\native\660c5614fbf4a5f2a75b1949f50a0caf5cd603558e7d8a26e50b933a0cfb79d1\windows-amd64\native-platform.dll
0x00007ffb246d0000 - 0x00007ffb24747000 	C:\Users\sendh\.gradle\native\0.2.8\x86_64-windows-gnu\gradle-fileevents.dll
0x00007ffb2c630000 - 0x00007ffb2c639000 	C:\Program Files\Android\Android Studio\jbr\bin\management.dll
0x00007ffb28360000 - 0x00007ffb2836b000 	C:\Program Files\Android\Android Studio\jbr\bin\management_ext.dll
0x00007ffb41860000 - 0x00007ffb41868000 	C:\Windows\System32\PSAPI.DLL
0x00007ffb3e750000 - 0x00007ffb3e783000 	C:\Windows\SYSTEM32\IPHLPAPI.DLL
0x00007ffb42a10000 - 0x00007ffb42a1a000 	C:\Windows\System32\NSI.dll
0x00007ffb31a20000 - 0x00007ffb31a29000 	C:\Program Files\Android\Android Studio\jbr\bin\extnet.dll
0x00007ffb3f620000 - 0x00007ffb3f63b000 	C:\Windows\SYSTEM32\CRYPTSP.dll
0x00007ffb3ecb0000 - 0x00007ffb3ece9000 	C:\Windows\system32\rsaenh.dll
0x00007ffb3f3c0000 - 0x00007ffb3f3f4000 	C:\Windows\SYSTEM32\USERENV.dll
0x00007ffb3ff70000 - 0x00007ffb3ff9a000 	C:\Windows\SYSTEM32\bcrypt.dll
0x00007ffb3f600000 - 0x00007ffb3f60c000 	C:\Windows\SYSTEM32\CRYPTBASE.dll
0x00007ffb066f0000 - 0x00007ffb066f8000 	C:\Windows\system32\wshunix.dll

JVMTI agents:
C:\Users\sendh\.gradle\wrapper\dists\gradle-9.6.0-bin\42k10rwplmzkhuboz9kdazi7s\gradle-9.6.0\lib\agents\gradle-instrumentation-agent-9.6.0.jar path:C:\Program Files\Android\Android Studio\jbr\bin\instrument.dll, loaded, initialized, instrumentlib options:none

dbghelp: loaded successfully - version: 4.0.5 - missing functions: none
symbol engine: initialized successfully - sym options: 0x614 - pdb path: .;C:\Program Files\Android\Android Studio\jbr\bin;C:\Windows\SYSTEM32;C:\Windows\WinSxS\amd64_microsoft.windows.common-controls_6595b64144ccf1df_6.0.26100.9278_none_3e0d1ba8e3303201;C:\Program Files\Android\Android Studio\jbr\bin\server;C:\Users\sendh\.gradle\native\660c5614fbf4a5f2a75b1949f50a0caf5cd603558e7d8a26e50b933a0cfb79d1\windows-amd64;C:\Users\sendh\.gradle\native\0.2.8\x86_64-windows-gnu

VM Arguments:
jvm_args: --add-opens=java.base/java.lang=ALL-UNNAMED --add-opens=java.base/java.lang.invoke=ALL-UNNAMED --add-opens=java.base/java.util=ALL-UNNAMED --add-opens=java.prefs/java.util.prefs=ALL-UNNAMED --add-exports=jdk.compiler/com.sun.tools.javac.api=ALL-UNNAMED --add-exports=jdk.compiler/com.sun.tools.javac.util=ALL-UNNAMED --add-opens=java.base/java.nio.charset=ALL-UNNAMED --add-opens=java.base/java.net=ALL-UNNAMED --add-opens=java.base/java.util.concurrent=ALL-UNNAMED --add-opens=java.base/java.util.concurrent.atomic=ALL-UNNAMED --add-opens=java.xml/javax.xml.namespace=ALL-UNNAMED --add-opens=java.base/java.time=ALL-UNNAMED --enable-native-access=ALL-UNNAMED -Xmx2048m -Dfile.encoding=UTF-8 -Duser.country=ZA -Duser.language=en -Duser.variant -javaagent:C:\Users\sendh\.gradle\wrapper\dists\gradle-9.6.0-bin\42k10rwplmzkhuboz9kdazi7s\gradle-9.6.0\lib\agents\gradle-instrumentation-agent-9.6.0.jar 
java_command: org.gradle.launcher.daemon.bootstrap.GradleDaemon 9.6.0
java_class_path (initial): C:\Users\sendh\.gradle\wrapper\dists\gradle-9.6.0-bin\42k10rwplmzkhuboz9kdazi7s\gradle-9.6.0\lib\gradle-daemon-main-9.6.0.jar
Launcher Type: SUN_STANDARD

[Global flags]
     intx CICompilerCount                          = 4                                         {product} {ergonomic}
     uint ConcGCThreads                            = 2                                         {product} {ergonomic}
     uint G1ConcRefinementThreads                  = 8                                         {product} {ergonomic}
   size_t G1HeapRegionSize                         = 1048576                                   {product} {ergonomic}
   size_t InitialHeapSize                          = 96468992                                  {product} {ergonomic}
   size_t MarkStackSize                            = 4194304                                   {product} {ergonomic}
   size_t MarkStackSizeMax                         = 536870912                                 {product} {ergonomic}
   size_t MaxHeapSize                              = 2147483648                                {product} {command line}
   size_t MaxNewSize                               = 1287651328                                {product} {ergonomic}
   size_t MinHeapDeltaBytes                        = 1048576                                   {product} {ergonomic}
   size_t MinHeapSize                              = 8388608                                   {product} {ergonomic}
    uintx NonNMethodCodeHeapSize                   = 5898240                                {pd product} {ergonomic}
    uintx NonProfiledCodeHeapSize                  = 122945536                              {pd product} {ergonomic}
    uintx ProfiledCodeHeapSize                     = 122945536                              {pd product} {ergonomic}
    uintx ReservedCodeCacheSize                    = 251789312                              {pd product} {ergonomic}
     bool SegmentedCodeCache                       = true                                      {product} {ergonomic}
   size_t SoftMaxHeapSize                          = 2147483648                             {manageable} {ergonomic}
     bool UseCompressedOops                        = true                           {product lp64_product} {ergonomic}
     bool UseG1GC                                  = true                                      {product} {ergonomic}
     bool UseLargePagesIndividualAllocation        = false                                  {pd product} {ergonomic}

Logging:
Log output configuration:
 #0: stdout all=warning uptime,level,tags foldmultilines=false
 #1: stderr all=off uptime,level,tags foldmultilines=false

Release file:
JAVA_VERSION="25.0.3" 
MODULES="java.base java.compiler java.datatransfer java.xml java.prefs java.desktop java.instrument java.logging java.management java.security.sasl java.naming java.rmi java.management.rmi java.net.http java.scripting java.security.jgss java.transaction.xa java.sql java.sql.rowset java.xml.crypto java.se java.smartcardio jdk.accessibility jdk.internal.jvmstat jdk.attach jdk.charsets jdk.internal.opt jdk.zipfs jdk.compiler jdk.crypto.cryptoki jdk.crypto.ec jdk.dynalink jdk.hotspot.agent jdk.httpserver jdk.internal.ed jdk.internal.le jdk.internal.md jdk.internal.vm.ci jdk.jartool jdk.javadoc jdk.jcmd jdk.jdeps jdk.jdwp.agent jdk.jdi jdk.jfr jdk.jlink jdk.localedata jdk.management jdk.management.agent jdk.management.jfr jdk.naming.dns jdk.naming.rmi jdk.net jdk.sctp jdk.security.auth jdk.security.jgss jdk.unsupported jdk.unsupported.desktop jdk.xml.dom" 
IMPLEMENTOR="JetBrains s.r.o." 
JAVA_RUNTIME_VERSION="25.0.3+-15898627-b508.16" 
LIBC="default" 
OS_ARCH="x86_64" 
OS_NAME="Windows" 
SOURCE=".:git:a8b1dba3234f" 

Environment Variables:
PATH=C:\Windows\system32;C:\Windows;C:\Windows\System32\Wbem;C:\Windows\System32\WindowsPowerShell\v1.0\;C:\Windows\System32\OpenSSH\;C:\Program Files\Microsoft SQL Server\170\Tools\Binn\;C:\Program Files\Microsoft SQL Server\Client SDK\ODBC\170\Tools\Binn\;C:\Program Files\nodejs\;C:\Program Files\dotnet\;C:\Program Files (x86)\Microsoft SQL Server\170\Tools\Binn\;C:\Program Files\Microsoft SQL Server\Client SDK\ODBC\180\Tools\Binn\;C:\Program Files\Microsoft SQL Server\170\DTS\Binn\;C:\Users\sendh\AppData\Local\Microsoft\WindowsApps;C:\Users\sendh\AppData\Local\Programs\Microsoft VS Code\bin;C:\Users\sendh\AppData\Roaming\npm;C:\Users\sendh\.dotnet\tools
USERNAME=BashaXavier
OS=Windows_NT
PROCESSOR_IDENTIFIER=AMD64 Family 23 Model 160 Stepping 0, AuthenticAMD
TMP=C:\Users\sendh\AppData\Local\Temp
TEMP=C:\Users\sendh\AppData\Local\Temp




Compilation memory statistics disabled.

Periodic native trim disabled

JNI global refs:
JNI global refs: 24, weak refs: 49

JNI global refs memory usage: 835, weak refs: 833

Process memory usage:
Resident Set Size: 421956K (7% of 6018300K total physical memory with 366492K free physical memory)

OOME stack traces (most recent first):
Classloader memory used:
Loader org.gradle.internal.classloader.VisitableURLClassLoader                         : 32866 K
Loader bootstrap                                                                       : 25660 K
Loader org.gradle.internal.classloader.VisitableURLClassLoader$InstrumentingVisitableURLClassLoader: 17001 K
Loader org.gradle.initialization.MixInLegacyTypesClassLoader                           : 9346 K
Loader jdk.internal.loader.ClassLoaders$AppClassLoader                                 : 188 K
Loader jdk.internal.loader.ClassLoaders$PlatformClassLoader                            : 158 K

Classes loaded by more than one classloader:
Class com.google.common.collect.RegularImmutableMap$KeySet                            : loaded 2 times (x 154B)
Class com.google.common.base.PairwiseEquivalence                                      : loaded 2 times (x 85B)
Class com.google.common.base.Equivalence$Identity                                     : loaded 2 times (x 84B)
Class org.gradle.internal.classloader.FilteringClassLoader                            : loaded 2 times (x 106B)
Class [Lcom.google.common.base.AbstractIterator$State;                                : loaded 2 times (x 71B)
Class com.google.common.base.CharMatcher$IsEither                                     : loaded 2 times (x 113B)
Class org.gradle.internal.classloader.ClassLoaderHierarchy                            : loaded 2 times (x 72B)
Class com.google.common.collect.ImmutableList$1                                       : loaded 2 times (x 99B)
Class com.google.common.collect.ImmutableEnumSet                                      : loaded 2 times (x 148B)
Class com.google.common.util.concurrent.ExecutionError                                : loaded 2 times (x 84B)
Class com.google.common.collect.AbstractMapBasedMultimap$WrappedCollection            : loaded 2 times (x 126B)
Class com.google.common.collect.RegularImmutableMap                                   : loaded 2 times (x 122B)
Class com.google.common.collect.ImmutableMap$MapViewOfValuesAsSingletonSets           : loaded 2 times (x 128B)
Class com.google.common.io.ByteArrayDataOutput                                        : loaded 2 times (x 72B)
Class com.google.common.collect.UnmodifiableListIterator                              : loaded 2 times (x 97B)
Class com.google.common.base.Platform$JdkPatternCompiler                              : loaded 2 times (x 77B)
Class [Lcom.google.common.cache.CacheBuilder$OneWeigher;                              : loaded 2 times (x 71B)
Class com.google.common.base.Suppliers                                                : loaded 2 times (x 73B)
Class org.gradle.internal.classloader.DefaultClassLoaderFactory                       : loaded 2 times (x 84B)
Class com.google.common.base.CharMatcher$None                                         : loaded 2 times (x 114B)
Class [Lcom.google.common.collect.ImmutableMapEntry;                                  : loaded 2 times (x 71B)
Class com.google.common.collect.ImmutableEnumMap                                      : loaded 2 times (x 128B)
Class com.google.common.collect.ListMultimap                                          : loaded 2 times (x 72B)
Class com.google.common.collect.Sets$1                                                : loaded 2 times (x 143B)
Class com.google.common.base.Splitter                                                 : loaded 2 times (x 74B)
Class org.gradle.api.internal.DefaultClassPathProvider                                : loaded 2 times (x 78B)
Class com.google.common.collect.Maps$ViewCachingAbstractMap                           : loaded 2 times (x 127B)
Class com.google.common.collect.Sets$2                                                : loaded 2 times (x 143B)
Class [Lorg.gradle.api.internal.ClassPathProvider;                                    : loaded 2 times (x 71B)
Class org.gradle.api.internal.ClassPathProvider                                       : loaded 2 times (x 72B)
Class com.google.common.collect.Sets$3                                                : loaded 2 times (x 143B)
Class com.google.common.base.AbstractIterator$State                                   : loaded 2 times (x 81B)
Class com.google.common.cache.LocalCache$LocalLoadingCache                            : loaded 2 times (x 136B)
Class org.gradle.internal.service.UnknownServiceException                             : loaded 2 times (x 85B)
Class com.google.common.collect.Sets$4                                                : loaded 2 times (x 143B)
Class com.google.common.io.ByteArrayDataInput                                         : loaded 2 times (x 72B)
Class com.google.common.cache.LocalCache$Strength$1                                   : loaded 2 times (x 83B)
Class com.google.common.util.concurrent.SettableFuture                                : loaded 2 times (x 116B)
Class com.google.common.cache.LocalCache$Strength$2                                   : loaded 2 times (x 83B)
Class com.google.common.collect.TransformedIterator                                   : loaded 2 times (x 82B)
Class com.google.common.base.Splitter$1                                               : loaded 2 times (x 79B)
Class com.google.common.io.ByteStreams                                                : loaded 2 times (x 73B)
Class com.google.common.cache.LocalCache$Strength$3                                   : loaded 2 times (x 83B)
Class com.google.common.collect.MapDifference                                         : loaded 2 times (x 72B)
Class com.google.common.cache.CacheBuilder$NullListener                               : loaded 2 times (x 84B)
Class org.gradle.internal.classpath.TransformedClassPath                              : loaded 2 times (x 98B)
Class org.gradle.internal.classloader.InstrumentingClassLoader                        : loaded 2 times (x 72B)
Class com.google.common.cache.CacheLoader$FunctionToCacheLoader                       : loaded 2 times (x 77B)
Class com.google.common.collect.Iterators$ArrayItr                                    : loaded 2 times (x 99B)
Class com.google.common.collect.ImmutableCollection$Builder                           : loaded 2 times (x 78B)
Class com.google.common.base.Joiner                                                   : loaded 2 times (x 82B)
Class com.google.common.base.MoreObjects                                              : loaded 2 times (x 73B)
Class com.google.common.collect.Platform                                              : loaded 2 times (x 73B)
Class com.google.common.collect.UnmodifiableIterator                                  : loaded 2 times (x 82B)
Class org.gradle.internal.service.ServiceLocator                                      : loaded 2 times (x 72B)
Class com.google.common.cache.LocalCache$1                                            : loaded 2 times (x 91B)
Class com.google.common.collect.Iterators$SingletonIterator                           : loaded 2 times (x 83B)
Class com.google.common.collect.AbstractMapEntry                                      : loaded 2 times (x 83B)
Class com.google.common.collect.Sets$ImprovedAbstractSet                              : loaded 2 times (x 137B)
Class com.google.common.cache.LocalCache$2                                            : loaded 2 times (x 144B)
Class com.google.common.collect.AbstractMultimap                                      : loaded 2 times (x 125B)
Class com.google.common.collect.RegularImmutableAsList                                : loaded 2 times (x 219B)
Class com.google.common.util.concurrent.AbstractFuture$Trusted                        : loaded 2 times (x 72B)
Class com.google.common.collect.Iterators                                             : loaded 2 times (x 73B)
Class com.google.common.collect.Lists$StringAsImmutableList                           : loaded 2 times (x 209B)
Class com.google.common.util.concurrent.UncheckedExecutionException                   : loaded 2 times (x 84B)
Class com.google.common.base.CharMatcher$And                                          : loaded 2 times (x 114B)
Class com.google.common.cache.CacheLoader$UnsupportedLoadingOperationException        : loaded 2 times (x 84B)
Class com.google.common.collect.IndexedImmutableSet                                   : loaded 2 times (x 154B)
Class com.google.common.collect.ImmutableMap$1                                        : loaded 2 times (x 83B)
Class com.google.common.collect.BiMap                                                 : loaded 2 times (x 72B)
Class org.gradle.api.internal.classpath.DefaultModuleRegistry$DefaultModule           : loaded 2 times (x 84B)
Class com.google.common.primitives.Ints                                               : loaded 2 times (x 73B)
Class com.google.common.collect.AbstractIterator                                      : loaded 2 times (x 84B)
Class com.google.common.collect.ObjectArrays                                          : loaded 2 times (x 73B)
Class com.google.common.collect.AbstractIndexedListIterator                           : loaded 2 times (x 98B)
Class com.google.common.collect.ArrayListMultimapGwtSerializationDependencies         : loaded 2 times (x 173B)
Class com.google.common.collect.Multiset                                              : loaded 2 times (x 72B)
Class com.google.common.collect.ImmutableMapEntrySet                                  : loaded 2 times (x 154B)
Class org.gradle.api.internal.classpath.Module                                        : loaded 2 times (x 72B)
Class com.google.common.cache.Weigher                                                 : loaded 2 times (x 72B)
Class org.gradle.api.internal.classpath.UnknownModuleException                        : loaded 2 times (x 84B)
Class com.google.common.base.Stopwatch                                                : loaded 2 times (x 74B)
Class com.google.common.cache.LocalCache$Strength                                     : loaded 2 times (x 83B)
Class com.google.common.cache.Cache                                                   : loaded 2 times (x 72B)
Class com.google.common.collect.ImmutableMap$Builder                                  : loaded 2 times (x 84B)
Class com.google.common.base.NullnessCasts                                            : loaded 2 times (x 73B)
Class com.google.common.util.concurrent.AbstractFuture$Cancellation                   : loaded 2 times (x 74B)
Class com.google.common.cache.RemovalListener                                         : loaded 2 times (x 72B)
Class org.gradle.api.internal.DefaultClassPathRegistry                                : loaded 2 times (x 78B)
Class com.google.common.primitives.IntsMethodsForWeb                                  : loaded 2 times (x 73B)
Class com.google.common.collect.Multimap                                              : loaded 2 times (x 72B)
Class org.gradle.internal.classpath.DefaultClassPath$ImmutableUniqueList              : loaded 2 times (x 201B)
Class org.gradle.api.internal.ClassPathRegistry                                       : loaded 2 times (x 72B)
Class com.google.common.collect.SingletonImmutableList                                : loaded 2 times (x 209B)
Class com.google.common.cache.CacheBuilder                                            : loaded 2 times (x 74B)
Class org.gradle.internal.classpath.ClassPath                                         : loaded 2 times (x 72B)
Class com.google.common.collect.ImmutableList$ReverseImmutableList                    : loaded 2 times (x 211B)
Class com.google.common.base.JdkPattern                                               : loaded 2 times (x 77B)
Class org.gradle.api.internal.classpath.DefaultModuleRegistry$DefaultModuleAlias      : loaded 2 times (x 82B)
Class com.google.common.base.Suppliers$SupplierOfInstance                             : loaded 2 times (x 81B)
Class com.google.common.collect.Iterators$1                                           : loaded 2 times (x 83B)
Class com.google.common.cache.LocalCache$ComputingValueReference                      : loaded 2 times (x 98B)
Class com.google.common.collect.ImmutableMap$IteratorBasedImmutableMap                : loaded 2 times (x 128B)
Class com.google.common.collect.SingletonImmutableSet                                 : loaded 2 times (x 148B)
Class com.google.common.cache.LocalCache$Segment                                      : loaded 2 times (x 155B)
Class com.google.common.collect.ImmutableBiMap                                        : loaded 2 times (x 145B)
Class com.google.common.cache.CacheLoader                                             : loaded 2 times (x 76B)
Class com.google.common.collect.Iterators$4                                           : loaded 2 times (x 84B)
Class com.google.common.collect.AbstractListMultimap                                  : loaded 2 times (x 173B)
Class org.gradle.api.internal.classpath.ModuleRegistry                                : loaded 2 times (x 72B)
Class org.gradle.internal.installation.GradleInstallation$1                           : loaded 2 times (x 77B)
Class com.google.common.base.Splitter$SplittingIterator                               : loaded 2 times (x 85B)
Class com.google.common.util.concurrent.internal.InternalFutureFailureAccess          : loaded 2 times (x 74B)
Class com.google.common.collect.Iterators$5                                           : loaded 2 times (x 84B)
Class com.google.common.base.CharMatcher$ForPredicate                                 : loaded 2 times (x 114B)
Class com.google.common.cache.LocalCache$LocalManualCache$1                           : loaded 2 times (x 77B)
Class com.google.common.base.CharMatcher$AnyOf                                        : loaded 2 times (x 114B)
Class com.google.common.collect.ImmutableCollection                                   : loaded 2 times (x 127B)
Class org.gradle.api.internal.classpath.DefaultModuleRegistry                         : loaded 2 times (x 86B)
Class com.google.common.collect.Lists                                                 : loaded 2 times (x 73B)
Class com.google.common.util.concurrent.ListenableFuture                              : loaded 2 times (x 72B)
Class com.google.common.cache.ReferenceEntry                                          : loaded 2 times (x 72B)
Class com.google.common.base.Converter                                                : loaded 2 times (x 92B)
Class com.google.common.collect.ImmutableSet$CachingAsList                            : loaded 2 times (x 150B)
Class com.google.common.util.concurrent.AbstractFuture                                : loaded 2 times (x 108B)
Class com.google.common.base.FunctionalEquivalence                                    : loaded 2 times (x 85B)
Class com.google.common.collect.Iterators$9                                           : loaded 2 times (x 83B)
Class com.google.common.collect.AbstractMapBasedMultimap                              : loaded 2 times (x 140B)
Class com.google.common.collect.ImmutableAsList                                       : loaded 2 times (x 211B)
Class com.google.common.cache.CacheLoader$SupplierToCacheLoader                       : loaded 2 times (x 77B)
Class com.google.common.collect.Maps$EntryTransformer                                 : loaded 2 times (x 72B)
Class org.gradle.internal.service.ServiceLookupException                              : loaded 2 times (x 84B)
Class [Lcom.google.common.cache.LocalCache$EntryFactory;                              : loaded 2 times (x 71B)
Class org.gradle.internal.classloader.ClassLoaderFactory                              : loaded 2 times (x 72B)
Class com.google.common.base.CharMatcher$IsNot                                        : loaded 2 times (x 113B)
Class com.google.common.base.CommonPattern                                            : loaded 2 times (x 76B)
Class com.google.common.cache.LocalCache$LocalManualCache                             : loaded 2 times (x 101B)
Class org.gradle.internal.service.CachingServiceLocator                               : loaded 2 times (x 84B)
Class com.google.common.math.IntMath                                                  : loaded 2 times (x 73B)
Class com.google.common.collect.ImmutableMapEntry                                     : loaded 2 times (x 87B)
Class com.google.common.collect.ImmutableMapEntry$NonTerminalImmutableMapEntry        : loaded 2 times (x 87B)
Class com.google.common.base.Equivalence                                              : loaded 2 times (x 84B)
Class com.google.common.base.Function                                                 : loaded 2 times (x 72B)
Class com.google.common.collect.RegularImmutableList                                  : loaded 2 times (x 215B)
Class com.google.common.cache.CacheBuilder$OneWeigher                                 : loaded 2 times (x 84B)
Class org.gradle.internal.classloader.ClasspathUtil                                   : loaded 2 times (x 73B)
Class com.google.common.util.concurrent.Uninterruptibles                              : loaded 2 times (x 73B)
Class com.google.common.util.concurrent.LazyLogger                                    : loaded 2 times (x 74B)
Class com.google.common.collect.Maps                                                  : loaded 2 times (x 73B)
Class org.gradle.api.specs.Spec                                                       : loaded 2 times (x 72B)
Class [Lcom.google.common.collect.ImmutableEntry;                                     : loaded 2 times (x 71B)
Class com.google.common.cache.LocalCache$LoadingValueReference                        : loaded 2 times (x 98B)
Class com.google.common.base.Platform                                                 : loaded 2 times (x 73B)
Class com.google.common.collect.Maps$8                                                : loaded 2 times (x 84B)
Class com.google.common.collect.Sets$SetView                                          : loaded 2 times (x 141B)
Class com.google.common.cache.LocalCache$StrongValueReference                         : loaded 2 times (x 92B)
Class org.gradle.internal.classloader.VisitableURLClassLoader$InstrumentingVisitableURLClassLoader: loaded 2 times (x 124B)
Class [Lcom.google.common.cache.CacheBuilder$NullListener;                            : loaded 2 times (x 71B)
Class org.gradle.internal.classloader.VisitableURLClassLoader$Spec                    : loaded 2 times (x 76B)
Class org.gradle.internal.classpath.DefaultClassPath                                  : loaded 2 times (x 92B)
Class com.google.common.base.AbstractIterator                                         : loaded 2 times (x 82B)
Class com.google.common.collect.RegularImmutableMap$Values                            : loaded 2 times (x 209B)
Class com.google.common.base.CharMatcher$BitSetMatcher                                : loaded 2 times (x 114B)
Class com.google.common.io.Closer                                                     : loaded 2 times (x 80B)
Class com.google.common.collect.ImmutableSet                                          : loaded 2 times (x 147B)
Class org.gradle.internal.classloader.ClassLoaderSpec                                 : loaded 2 times (x 73B)
Class com.google.common.cache.CacheStats                                              : loaded 2 times (x 73B)
Class com.google.common.base.CharMatcher$Or                                           : loaded 2 times (x 114B)
Class com.google.common.io.Closer$Suppressor                                          : loaded 2 times (x 72B)
Class com.google.common.util.concurrent.AbstractFuture$Listener                       : loaded 2 times (x 74B)
Class org.gradle.api.internal.classpath.Module$ModuleAlias                            : loaded 2 times (x 72B)
Class com.google.common.base.Supplier                                                 : loaded 2 times (x 72B)
Class org.gradle.internal.classloader.VisitableURLClassLoader                         : loaded 2 times (x 118B)
Class org.gradle.internal.Cast                                                        : loaded 2 times (x 73B)
Class org.gradle.api.Action                                                           : loaded 2 times (x 72B)
Class com.google.common.base.Strings                                                  : loaded 2 times (x 73B)
Class com.google.common.collect.Sets                                                  : loaded 2 times (x 73B)
Class com.google.common.base.CharMatcher$FastMatcher                                  : loaded 2 times (x 113B)
Class com.google.common.base.Ticker                                                   : loaded 2 times (x 74B)
Class [Lcom.google.common.cache.LocalCache$Segment;                                   : loaded 2 times (x 71B)
Class com.google.common.base.Predicate                                                : loaded 2 times (x 72B)
Class [Lcom.google.common.cache.LocalCache$Strength;                                  : loaded 2 times (x 71B)
Class com.google.common.cache.CacheBuilder$1                                          : loaded 2 times (x 87B)
Class com.google.common.collect.ImmutableMap                                          : loaded 2 times (x 122B)
Class org.gradle.internal.classpath.DefaultClassPath$ImmutableUniqueList$Builder      : loaded 2 times (x 77B)
Class com.google.common.base.CharMatcher$NegatedFastMatcher                           : loaded 2 times (x 115B)
Class com.google.common.cache.LocalCache                                              : loaded 2 times (x 188B)
Class com.google.common.cache.CacheBuilder$2                                          : loaded 2 times (x 81B)
Class [Lcom.google.common.collect.AbstractMapEntry;                                   : loaded 2 times (x 71B)
Class com.google.common.collect.ImmutableEntry                                        : loaded 2 times (x 84B)
Class com.google.common.cache.CacheBuilder$3                                          : loaded 2 times (x 74B)
Class com.google.common.collect.ArrayListMultimap                                     : loaded 2 times (x 173B)
Class org.gradle.api.GradleException                                                  : loaded 2 times (x 84B)
Class com.google.common.base.Suppliers$MemoizingSupplier                              : loaded 2 times (x 81B)
Class com.google.common.collect.CollectPreconditions                                  : loaded 2 times (x 73B)
Class com.google.common.collect.SortedMapDifference                                   : loaded 2 times (x 72B)
Class com.google.common.cache.LocalCache$EntryFactory                                 : loaded 2 times (x 85B)
Class com.google.common.cache.LocalCache$AbstractReferenceEntry                       : loaded 2 times (x 109B)
Class org.gradle.internal.IoActions                                                   : loaded 2 times (x 73B)
Class com.google.common.cache.CacheLoader$InvalidCacheLoadException                   : loaded 2 times (x 84B)
Class com.google.common.collect.ImmutableSet$RegularSetBuilderImpl                    : loaded 2 times (x 78B)
Class com.google.common.cache.LocalCache$StrongEntry                                  : loaded 2 times (x 110B)
Class com.google.common.util.concurrent.AbstractFuture$TrustedFuture                  : loaded 2 times (x 116B)
Class com.google.common.cache.LoadingCache                                            : loaded 2 times (x 72B)
Class com.google.common.collect.RegularImmutableMap$BucketOverflowException           : loaded 2 times (x 84B)
Class com.google.common.io.ByteStreams$LimitedInputStream                             : loaded 2 times (x 94B)
Class com.google.common.base.Suppliers$NonSerializableMemoizingSupplier               : loaded 2 times (x 81B)
Class [Lcom.google.common.cache.Weigher;                                              : loaded 2 times (x 71B)
Class com.google.common.base.CharMatcher$Negated                                      : loaded 2 times (x 115B)
Class com.google.common.base.CharMatcher$Is                                           : loaded 2 times (x 113B)
Class com.google.common.cache.LocalCache$ValueReference                               : loaded 2 times (x 72B)
Class com.google.common.base.PatternCompiler                                          : loaded 2 times (x 72B)
Class com.google.common.collect.Hashing                                               : loaded 2 times (x 73B)
Class com.google.common.util.concurrent.AbstractFuture$Failure                        : loaded 2 times (x 74B)
Class com.google.common.base.Equivalence$Equals                                       : loaded 2 times (x 84B)
Class com.google.common.base.Preconditions                                            : loaded 2 times (x 73B)
Class com.google.common.base.CharMatcher                                              : loaded 2 times (x 113B)
Class com.google.common.base.Joiner$1                                                 : loaded 2 times (x 83B)
Class com.google.common.collect.PeekingIterator                                       : loaded 2 times (x 72B)
Class com.google.common.collect.Table                                                 : loaded 2 times (x 72B)
Class com.google.common.base.CharMatcher$NamedFastMatcher                             : loaded 2 times (x 114B)
Class com.google.common.base.CharMatcher$1                                            : loaded 2 times (x 115B)
Class com.google.common.base.Joiner$2                                                 : loaded 2 times (x 82B)
Class com.google.common.cache.LocalCache$EntryFactory$1                               : loaded 2 times (x 85B)
Class [Lcom.google.common.cache.RemovalListener;                                      : loaded 2 times (x 71B)
Class com.google.common.cache.LocalCache$EntryFactory$2                               : loaded 2 times (x 85B)
Class com.google.common.collect.ImmutableMapEntrySet$RegularEntrySet                  : loaded 2 times (x 154B)
Class com.google.common.cache.LocalCache$EntryFactory$3                               : loaded 2 times (x 85B)
Class com.google.common.base.Ticker$1                                                 : loaded 2 times (x 74B)
Class com.google.common.collect.Maps$BiMapConverter                                   : loaded 2 times (x 92B)
Class com.google.common.base.CharMatcher$InRange                                      : loaded 2 times (x 113B)
Class com.google.common.cache.LocalCache$EntryFactory$4                               : loaded 2 times (x 85B)
Class com.google.common.collect.ImmutableSet$Builder                                  : loaded 2 times (x 87B)
Class com.google.common.io.ByteStreams$1                                              : loaded 2 times (x 87B)
Class com.google.common.cache.LocalCache$EntryFactory$5                               : loaded 2 times (x 85B)
Class com.google.common.cache.LocalCache$EntryFactory$6                               : loaded 2 times (x 85B)
Class org.gradle.internal.installation.CurrentGradleInstallationLocator               : loaded 2 times (x 73B)
Class com.google.common.cache.LocalCache$EntryFactory$7                               : loaded 2 times (x 85B)
Class com.google.common.collect.ImmutableList                                         : loaded 2 times (x 208B)
Class org.gradle.internal.service.DefaultServiceLocator                               : loaded 2 times (x 85B)
Class com.google.common.collect.Maps$EntrySet                                         : loaded 2 times (x 138B)
Class com.google.common.cache.LocalCache$EntryFactory$8                               : loaded 2 times (x 85B)
Class com.google.common.collect.ImmutableSet$SetBuilderImpl                           : loaded 2 times (x 78B)
Class org.gradle.internal.installation.CurrentGradleInstallation                      : loaded 2 times (x 75B)
Class com.google.common.collect.ImmutableList$SubList                                 : loaded 2 times (x 211B)
Class com.google.common.collect.ForwardingObject                                      : loaded 2 times (x 74B)
Class com.google.common.cache.CacheLoader$1                                           : loaded 2 times (x 77B)
Class org.gradle.util.internal.GUtil                                                  : loaded 2 times (x 73B)
Class com.google.common.cache.AbstractCache$StatsCounter                              : loaded 2 times (x 72B)
Class com.google.common.collect.Iterators$MergingIterator                             : loaded 2 times (x 83B)
Class com.google.common.collect.RegularImmutableSet                                   : loaded 2 times (x 150B)
Class org.gradle.internal.installation.GradleInstallation                             : loaded 2 times (x 77B)
Class com.google.common.base.Splitter$Strategy                                        : loaded 2 times (x 72B)

---------------  S Y S T E M  ---------------

OS:
 Windows 11 , 64 bit Build 26100 (10.0.26100.9444)
OS uptime: 0 days 8:39 hours
Hyper-V role detected

CPU: total 8 (initial active 8) (8 cores per cpu, 2 threads per core) family 23 model 160 stepping 0 microcode 0x8a0000b, cx8, cmov, fxsr, ht, mmx, 3dnowpref, sse, sse2, sse3, ssse3, sse4a, sse4.1, sse4.2, popcnt, lzcnt, tsc, tscinvbit, avx, avx2, aes, clmul, bmi1, bmi2, adx, sha, fma, vzeroupper, clflush, clflushopt, clwb, hv, rdtscp, rdpid, f16c
Processor Information for the first 8 processors :
  Max Mhz: 2801, Current Mhz: 2483, Mhz Limit: 2801

Memory: 4k page, system-wide physical 5877M (354M free)
TotalPageFile size 24309M (AvailPageFile size 53M)
current process WorkingSet (physical memory assigned to process): 412M, peak: 413M
current process commit charge ("private bytes"): 472M, peak: 770M

vm_info: OpenJDK 64-Bit Server VM (25.0.3+-15898627-b508.16) for windows-amd64 JRE (25.0.3+-15898627-b508.16), built on 2026-07-20T17:54:23Z with MS VC++ 16.10 / 16.11 (VS2019)

END.
